first_name,last_name,email,birth date,hire date,job title,password
Adey,Jann,ajann0@ask.com,04/01/2000,02/07/2000,Safety Technician I,gw8ww3U9
Kippie,Yosevitz,kyosevitz1@buzzfeed.com,10/01/2000,01/11/2000,General Manager,Xlo2fkGAWYIj
Clarisse,Oakman,coakman2@ed.gov,06/09/2000,29/03/2000,Business Systems Development Analyst,yWiE0BDzgw
Gabbi,Paike,gpaike3@oaic.gov.au,25/10/2000,04/03/2000,Senior Financial Analyst,K5H6Y6Q7S
Rocky,Riehm,rriehm4@uol.com.br,26/03/2000,11/07/2000,Staff Accountant II,76agwrcWt
Bruce,Horick,bhorick5@google.com.hk,18/11/2000,15/07/2000,Account Representative II,2fAFdu
Debbi,Redsell,dredsell6@blogspot.com,06/03/2000,17/10/2000,Internal Auditor,cxfrB1iiu0
Aguistin,Lippitt,alippitt7@reuters.com,16/02/2000,07/06/2000,VP Marketing,uqqLxvv2Oy1
Elisabet,Livett,elivett8@nasa.gov,21/01/2000,19/10/2000,Food Chemist,COnlYewng
Haley,Franzman,hfranzman9@alexa.com,17/05/2000,16/01/2000,Statistician II,euSf2lMq2h
Levey,Mc Andrew,lmcandrewa@xinhuanet.com,21/10/2000,04/01/2000,Registered Nurse,Lj0imBvG2ul
Hedy,Burlingham,hburlinghamb@networksolutions.com,05/12/2000,05/12/2000,Quality Engineer,k37RRihGp
Mort,Fairham,mfairhamc@bbc.co.uk,10/06/2000,19/06/2000,Assistant Manager,u9izKu
Barbabra,Keijser,bkeijserd@amazon.co.jp,11/05/2000,02/10/2000,Account Executive,D53fxU
Webb,McGillreich,wmcgillreiche@comsenz.com,21/10/2000,01/05/2000,Research Assistant III,XDjmYLCp
Alexander,Plitz,aplitzf@google.de,25/07/2000,13/10/2000,Business Systems Development Analyst,7Y5QYr
Vladamir,Linger,vlingerg@soundcloud.com,26/01/2000,04/02/2000,Food Chemist,e9rTmt
Virge,Dunkirk,vdunkirkh@amazon.co.uk,07/06/2000,04/07/2000,Professor,2k8wIPpkXpZ
Laura,Bernard,lbernardi@opensource.org,20/03/2000,02/01/2000,Senior Sales Associate,yLkzhwn
Row,Tingley,rtingleyj@istockphoto.com,22/02/2000,05/06/2000,Account Executive,TS16UN1m
Lavinia,Niezen,lniezenk@scribd.com,04/04/2000,21/09/2000,Mechanical Systems Engineer,xfGXaiq5flph
Teador,Wolledge,twolledgel@japanpost.jp,13/08/2000,09/10/2000,Dental Hygienist,CKqez0xZ
Jeana,Alelsandrovich,jalelsandrovichm@symantec.com,07/03/2000,20/06/2000,Electrical Engineer,rcX5SaW
Greg,Sheaber,gsheabern@sourceforge.net,19/06/2000,11/10/2000,Director of Sales,d93dKDfrb
Elisabeth,Chancellor,echancelloro@gnu.org,08/01/2000,30/05/2000,Financial Advisor,6pPHhKTfyCn
Burk,Jansie,bjansiep@ox.ac.uk,29/01/2000,05/03/2000,Financial Analyst,HeRQ6FRlcYHX
Lizzy,Hane,lhaneq@squarespace.com,26/07/2000,26/02/2000,Internal Auditor,HSiWFkIrPoM9
Dione,Blewitt,dblewittr@ebay.com,06/01/2000,03/12/2000,Research Nurse,IcogrG
Walker,Oosthout de Vree,woosthoutdevrees@ocn.ne.jp,27/06/2000,16/05/2000,Accountant II,KHr4y7c4vuj
Diahann,Cersey,dcerseyt@marriott.com,12/09/2000,06/06/2000,Systems Administrator III,WHEDpiSmS9t
Aeriela,Mithun,amithunu@princeton.edu,03/05/2000,20/06/2000,Marketing Manager,XTXCF1vXcO8
Irving,Bukowski,ibukowskiv@nyu.edu,15/01/2000,21/03/2000,Professor,5rCfjto4b
Claudelle,Heliet,chelietw@lycos.com,19/10/2000,28/10/2000,Occupational Therapist,P2Pg6dPe
Edeline,Praten,epratenx@shareasale.com,31/07/2000,19/07/2000,Product Engineer,fC2uaV
Corilla,Weight,cweighty@admin.ch,01/12/2000,04/11/2000,Clinical Specialist,RBHKkfe8wA0
Euphemia,Rowley,erowleyz@nytimes.com,26/02/2000,26/08/2000,Physical Therapy Assistant,SwvDySTY
Etheline,Denidge,edenidge10@bravesites.com,30/03/2000,19/05/2000,Assistant Manager,GlrdFMmA
Brose,Crace,bcrace11@cbsnews.com,06/05/2000,04/02/2000,Senior Quality Engineer,NYkYEJ0C2I
Tiphani,Vittet,tvittet12@salon.com,09/11/2000,12/11/2000,Senior Financial Analyst,R91UOfQAGr
Clive,Thunnerclef,cthunnerclef13@simplemachines.org,06/07/2000,28/12/2000,Operator,WUTi5q2
Currie,Lohoar,clohoar14@mit.edu,28/06/2000,16/05/2000,Senior Cost Accountant,bzYFL7E2
Heath,Antos,hantos15@weebly.com,06/01/2000,22/04/2000,Programmer I,kVvPDl88
Jeno,Novotne,jnovotne16@xing.com,25/01/2000,08/11/2000,Payment Adjustment Coordinator,IXiMKWPh
Selle,Nollet,snollet17@1und1.de,05/04/2000,30/06/2000,GIS Technical Architect,EwT4zX
Mohammed,Powderham,mpowderham18@weebly.com,05/02/2000,02/09/2000,VP Quality Control,UAuWYCX73rs
Bernice,Liebmann,bliebmann19@google.fr,26/10/2000,02/08/2000,Operator,r0u4gkISBp
Clarine,Smieton,csmieton1a@parallels.com,03/03/2000,13/02/2000,Geologist II,ju8mO11g
Pia,Burnel,pburnel1b@amazonaws.com,05/09/2000,14/11/2000,Engineer II,flF1wmDdF
Georgeanne,Johann,gjohann1c@people.com.cn,04/10/2000,15/07/2000,Clinical Specialist,XWDtO6zI
Doroteya,Swinden,dswinden1d@google.nl,30/09/2000,17/05/2000,Marketing Assistant,VBO5u2Stlu
Anatole,Sergeant,asergeant1e@cargocollective.com,01/06/2000,09/11/2000,Financial Analyst,XpsuUv
Suzi,Kestin,skestin1f@omniture.com,17/05/2000,10/09/2000,Environmental Specialist,tvHGGgkOY
Vernon,Hounsom,vhounsom1g@globo.com,15/02/2000,23/09/2000,Clinical Specialist,70SlIbL46vCk
Dyan,Jenking,djenking1h@oracle.com,06/03/2000,26/04/2000,Executive Secretary,bAdyj8vt
Christina,Spata,cspata1i@youtube.com,18/10/2000,23/05/2000,Design Engineer,gqQvFr0YEEoy
Zorah,Hune,zhune1j@dot.gov,14/08/2000,06/05/2000,Physical Therapy Assistant,VNhMaj
Clio,Goare,cgoare1k@utexas.edu,17/01/2000,09/03/2000,Programmer II,X0BW5sxiV
Wilburt,Sandiford,wsandiford1l@bravesites.com,22/03/2000,04/01/2000,Accountant IV,GxeanVzjPRm
Willie,Setchell,wsetchell1m@wikimedia.org,04/06/2000,30/09/2000,Teacher,7hs0JF
Brande,Canete,bcanete1n@symantec.com,28/05/2000,20/10/2000,Payment Adjustment Coordinator,K4382p
Lorena,Castles,lcastles1o@nytimes.com,10/08/2000,08/02/2000,Design Engineer,5WGgCjYHyDj
Darcy,Gorrissen,dgorrissen1p@reddit.com,28/11/2000,24/05/2000,Health Coach II,ozltLH9sc3z
Dermot,Mahmood,dmahmood1q@joomla.org,04/01/2000,15/06/2000,VP Quality Control,hDOKEVm
Dael,Cock,dcock1r@google.co.uk,23/01/2000,14/11/2000,Recruiting Manager,cHDaf5cY1
Cate,Tatchell,ctatchell1s@e-recht24.de,23/08/2000,23/05/2000,Tax Accountant,aLt2PInho8
Barris,Isacoff,bisacoff1t@apple.com,19/06/2000,07/03/2000,Junior Executive,Fr6LwvweEV4Z
Noe,Blomfield,nblomfield1u@booking.com,29/07/2000,18/10/2000,Professor,0ZR7R9d
Genevra,Guise,gguise1v@typepad.com,20/11/2000,27/01/2000,Senior Sales Associate,KCtDiT5bXkE6
Petra,Smitherman,psmitherman1w@istockphoto.com,19/02/2000,22/08/2000,Human Resources Manager,Wt9y7Rksj0
Shaun,Buckberry,sbuckberry1x@hud.gov,11/05/2000,24/12/2000,Accountant I,KjJkA6ZRAA
Elsinore,Gaitung,egaitung1y@japanpost.jp,17/05/2000,09/08/2000,Administrative Assistant IV,c6HSxoEbZIcW
Lenora,Ourry,lourry1z@devhub.com,10/06/2000,15/07/2000,VP Marketing,JS2qjkANC
Mychal,Janisson,mjanisson20@go.com,06/02/2000,10/03/2000,Social Worker,xFqVbYH6epL
Kelvin,Vogel,kvogel21@parallels.com,19/08/2000,14/02/2000,Research Assistant II,RVbvIgMX7D
Thayne,Kobiera,tkobiera22@google.it,07/02/2000,04/12/2000,Research Nurse,wAfegz
Carlynne,Lazonby,clazonby23@topsy.com,21/09/2000,26/07/2000,VP Quality Control,InrC4w
Arlene,Andrey,aandrey24@uol.com.br,16/10/2000,31/07/2000,Operator,XpXsvK4JL
Jerri,Gantzman,jgantzman25@reuters.com,24/10/2000,02/02/2000,Social Worker,XgsPqTahTQ
Keslie,Kennea,kkennea26@businessinsider.com,26/01/2000,12/02/2000,Design Engineer,zDvU3ObJ
Donelle,Tokell,dtokell27@cnbc.com,28/10/2000,03/11/2000,Quality Control Specialist,Nl3OYoBfWfHn
Hertha,Slyde,hslyde28@nationalgeographic.com,22/02/2000,05/12/2000,Junior Executive,MGS167z
Brandon,Lambotin,blambotin29@mlb.com,02/02/2000,09/05/2000,VP Accounting,0LfUPV3vJkb
Neilla,Kier,nkier2a@qq.com,25/09/2000,16/01/2000,Nuclear Power Engineer,i56ftnMOpt
Jemmy,Tarry,jtarry2b@digg.com,06/08/2000,01/10/2000,Editor,U2gaCY
Ronnie,Howey,rhowey2c@phpbb.com,18/09/2000,15/06/2000,Software Consultant,t1Fm6Tcd0V
Sabine,Widdicombe,swiddicombe2d@theatlantic.com,17/11/2000,24/12/2000,Compensation Analyst,QOiILt
Neron,Ruslinge,nruslinge2e@ovh.net,03/05/2000,14/09/2000,Operator,95yOViycS1Dn
Celestyn,Wilflinger,cwilflinger2f@elegantthemes.com,07/12/2000,14/03/2000,Project Manager,kS7w5UvQe
Woodie,Carlin,wcarlin2g@diigo.com,27/04/2000,26/04/2000,Paralegal,LJKkUSY6xL1n
Tamera,Unwin,tunwin2h@simplemachines.org,12/07/2000,14/11/2000,VP Quality Control,j92dYiXxtLAn
Duane,St. Quentin,dstquentin2i@deviantart.com,28/02/2000,25/12/2000,Structural Analysis Engineer,sJZFfItgJUiP
Adrian,Leyrroyd,aleyrroyd2j@tumblr.com,21/10/2000,17/07/2000,Senior Cost Accountant,LU1s8zYk
Allyn,Penfold,apenfold2k@hhs.gov,07/04/2000,14/08/2000,GIS Technical Architect,RfkdROAePiv
Philippine,Skeath,pskeath2l@homestead.com,03/12/2000,06/02/2000,Software Engineer III,twAsz46
Lawry,Bustard,lbustard2m@dmoz.org,15/08/2000,22/09/2000,Junior Executive,HJPAYZhk
Berty,Ivakhin,bivakhin2n@dedecms.com,17/10/2000,01/05/2000,Nurse Practicioner,I2z0sXE
Jaime,Geddes,jgeddes2o@cloudflare.com,06/06/2000,16/11/2000,Speech Pathologist,Fc7g0gB
Gram,Bayman,gbayman2p@globo.com,11/12/2000,31/05/2000,Senior Financial Analyst,fId9y0
Jareb,Schimek,jschimek2q@goodreads.com,30/12/2000,15/11/2000,Account Representative II,vugm1CZ9
Willard,Maidens,wmaidens2r@state.gov,08/03/2000,28/01/2000,Research Nurse,uisSF7I
Maureene,Gilbart,mgilbart2s@cbc.ca,28/12/2000,16/08/2000,Internal Auditor,n9sI0TO
Anna-maria,Keen,akeen2t@mediafire.com,11/06/2000,15/07/2000,Research Nurse,AIaE63nRK
Augusto,Piperley,apiperley2u@npr.org,07/11/2000,26/08/2000,Quality Control Specialist,Y4zPiembY
Loren,Chapier,lchapier2v@wunderground.com,16/01/2000,18/11/2000,Marketing Assistant,Rsz4Vbv1a8
Dina,McGrey,dmcgrey2w@tuttocitta.it,19/12/2000,09/08/2000,Associate Professor,1p2dHH9x8
Christen,Spadollini,cspadollini2x@1und1.de,07/01/2000,29/10/2000,Software Consultant,OHeq7nD
Roanne,Akker,rakker2y@eventbrite.com,21/03/2000,13/12/2000,Executive Secretary,UcbGH6k9v
Raddy,Pashby,rpashby2z@prweb.com,08/03/2000,08/09/2000,Programmer Analyst IV,0leFii
Genia,Cokayne,gcokayne30@eepurl.com,12/08/2000,27/06/2000,Geologist III,CZbitvL
Maurizio,Manus,mmanus31@guardian.co.uk,28/07/2000,07/09/2000,Civil Engineer,HwKa6Kco2eZG
Aguste,Gladdolph,agladdolph32@bluehost.com,08/09/2000,12/02/2000,Internal Auditor,BXiNuIhN6veO
Cornelius,Von Salzberg,cvonsalzberg33@ihg.com,05/05/2000,17/08/2000,Director of Sales,7KsEnY9cg4Dr
Olivier,Weathers,oweathers34@shareasale.com,24/02/2000,21/12/2000,Senior Editor,PVAUUU
Bear,Wandrich,bwandrich35@creativecommons.org,02/10/2000,07/12/2000,Senior Financial Analyst,egZLHq
Kettie,Milbank,kmilbank36@oaic.gov.au,14/01/2000,24/10/2000,Food Chemist,LxOAXR
Wilmar,Iddy,widdy37@eepurl.com,27/02/2000,04/05/2000,Nurse,sQYgqWyAzWx
Kacey,Yakushkin,kyakushkin38@usgs.gov,17/07/2000,11/07/2000,Senior Cost Accountant,Mw0V70F
Woody,Goullee,wgoullee39@cam.ac.uk,11/03/2000,28/02/2000,Structural Engineer,Z3rsZLBR6vN1
Omero,Iorns,oiorns3a@flickr.com,22/05/2000,28/05/2000,Research Nurse,m9znDfGT8Pe
Arv,Varndell,avarndell3b@51.la,08/05/2000,01/08/2000,Compensation Analyst,aZoG5TQFO51
Hartley,Blaasch,hblaasch3c@weather.com,30/07/2000,12/09/2000,Pharmacist,jgLIRbvIUWLo
Chastity,Tilley,ctilley3d@timesonline.co.uk,15/05/2000,01/08/2000,Assistant Professor,sqDolAPV
Berti,Wringe,bwringe3e@booking.com,22/05/2000,18/02/2000,Help Desk Operator,FgMuL20vwQ
Engelbert,Martusov,emartusov3f@msn.com,11/01/2000,21/12/2000,Information Systems Manager,CqDLYgsIsvL
Amye,Forson,aforson3g@pcworld.com,01/10/2000,05/07/2000,Product Engineer,Z0sorg
Allissa,Ashington,aashington3h@jimdo.com,02/05/2000,05/08/2000,Engineer I,ylNkhA2aZUHE
Alexandro,Doerrling,adoerrling3i@goodreads.com,23/05/2000,30/01/2000,Geologist I,o8Z7J9G2
Lishe,Fossitt,lfossitt3j@aboutads.info,30/04/2000,09/05/2000,Office Assistant II,p7Gq2PLXg5
Herbert,Lamerton,hlamerton3k@newsvine.com,25/01/2000,30/01/2000,Analyst Programmer,8la1YymnK
Boycey,Borrington,bborrington3l@npr.org,09/09/2000,30/07/2000,Pharmacist,g29Grf
Reena,Banford,rbanford3m@ucsd.edu,01/11/2000,19/07/2000,GIS Technical Architect,bOlyDqoP
Ianthe,Warry,iwarry3n@columbia.edu,14/03/2000,27/04/2000,Quality Engineer,wpST7dAa8O
Jerry,Bartzen,jbartzen3o@privacy.gov.au,09/12/2000,04/07/2000,Environmental Tech,QFqqHw8meZ
Romeo,Foucher,rfoucher3p@pagesperso-orange.fr,26/08/2000,17/04/2000,VP Quality Control,uXktCQ7fMYK
Isis,De Andisie,ideandisie3q@vkontakte.ru,25/04/2000,24/11/2000,General Manager,izBKa0J2WP
Barret,Gilman,bgilman3r@webmd.com,09/12/2000,05/08/2000,Biostatistician IV,yqt4VL
Starla,De Maine,sdemaine3s@nydailynews.com,15/05/2000,24/07/2000,Environmental Specialist,OCnMxfs6
Farley,Eble,feble3t@cnn.com,10/08/2000,26/10/2000,Chemical Engineer,wt9XJ73GrF5
Caryn,Revey,crevey3u@salon.com,19/04/2000,09/10/2000,Geological Engineer,BDBKm4p
Bernadina,Johnsson,bjohnsson3v@cmu.edu,19/07/2000,15/04/2000,Cost Accountant,bAYMN5v
Alwin,Beane,abeane3w@adobe.com,14/01/2000,02/02/2000,Recruiter,8Ns6Sr6u
Jennine,Dight,jdight3x@narod.ru,14/07/2000,10/09/2000,Executive Secretary,yKohGlU
Anet,Emsden,aemsden3y@drupal.org,21/11/2000,13/11/2000,Product Engineer,Afjpt9bO2EF
Onfroi,Backshill,obackshill3z@bizjournals.com,05/03/2000,29/12/2000,Environmental Tech,ZePYh6rsvGK
Pietra,Cussins,pcussins40@topsy.com,03/10/2000,19/08/2000,Research Assistant III,gRYqclefT
Fidelity,Messer,fmesser41@webnode.com,03/11/2000,25/04/2000,Tax Accountant,5h43No
Lorelle,Curry,lcurry42@tiny.cc,18/04/2000,12/01/2000,Environmental Specialist,CCJf4EG6ZkJ
Coleen,Greatrex,cgreatrex43@hostgator.com,26/02/2000,21/11/2000,GIS Technical Architect,n4YJwy
Gery,Jordanson,gjordanson44@nature.com,07/11/2000,18/07/2000,Project Manager,2cV4J2Gw
Julienne,Ney,jney45@slideshare.net,17/11/2000,21/05/2000,Staff Scientist,I8rPqryut
Mela,Persian,mpersian46@imageshack.us,14/12/2000,09/09/2000,Programmer Analyst II,Cwv0rKugbRp
Eddie,Alexsandrovich,ealexsandrovich47@nasa.gov,04/12/2000,14/10/2000,VP Quality Control,U8KlN4h3
Sascha,Tinn,stinn48@ted.com,03/06/2000,20/06/2000,Product Engineer,qk2bisNrIgYv
Riley,Dives,rdives49@howstuffworks.com,16/11/2000,30/10/2000,Account Executive,3BstNuhUUO
Harriette,Dumsday,hdumsday4a@wikipedia.org,18/06/2000,28/09/2000,Nurse Practicioner,W2dYHCAIU6
Kerwinn,Djurdjevic,kdjurdjevic4b@hud.gov,23/01/2000,09/06/2000,Research Associate,WrxCYF5ejcI
Gisele,Cicchelli,gcicchelli4c@howstuffworks.com,03/08/2000,12/02/2000,Recruiting Manager,qOq9pm
Kyrstin,Drance,kdrance4d@amazonaws.com,08/01/2000,03/11/2000,Chief Design Engineer,bcXqXVZ0b3Bv
Eveline,Hackin,ehackin4e@creativecommons.org,27/01/2000,13/04/2000,Developer I,vPZF1kHM
Saraann,Erasmus,serasmus4f@shareasale.com,26/08/2000,02/04/2000,Payment Adjustment Coordinator,D5qI3S0Oo
Cob,Simpkins,csimpkins4g@wufoo.com,11/02/2000,25/11/2000,Pharmacist,6JXclRCY
Lek,Coppenhall,lcoppenhall4h@google.es,11/02/2000,08/09/2000,Structural Analysis Engineer,cefkhTwwMp
Ailina,Ellsbury,aellsbury4i@jimdo.com,27/06/2000,19/12/2000,Safety Technician II,B2aEHqP2Mx
Crista,Nutty,cnutty4j@amazon.co.jp,14/06/2000,04/11/2000,Office Assistant III,nNu61C7q
Dedra,Klaggeman,dklaggeman4k@hhs.gov,10/05/2000,25/04/2000,VP Product Management,isTrFa7CP
Kelwin,Ovenden,kovenden4l@sbwire.com,17/11/2000,28/08/2000,Information Systems Manager,qQoOYlVfx
Vonnie,Emerson,vemerson4m@blogtalkradio.com,03/09/2000,18/01/2000,Help Desk Operator,5G5XqoQ
Rowe,Ruperti,rruperti4n@bizjournals.com,06/03/2000,14/05/2000,Recruiter,wBseZ8bo77PC
Ronnica,Desseine,rdesseine4o@amazon.de,06/07/2000,31/01/2000,Quality Engineer,9TQ0uHzltxV
Laird,Scrymgeour,lscrymgeour4p@so-net.ne.jp,01/06/2000,29/01/2000,Business Systems Development Analyst,V1e4B418f
Hastie,Rhymer,hrhymer4q@mapquest.com,02/11/2000,22/08/2000,Tax Accountant,tDlCDqS95sy
Nicol,Rockingham,nrockingham4r@mapy.cz,11/08/2000,23/06/2000,Actuary,IWVXGBI
Gustavus,Steade,gsteade4s@comcast.net,11/10/2000,24/12/2000,Chief Design Engineer,W8IbHuxYKx
Fax,Allatt,fallatt4t@istockphoto.com,19/10/2000,23/01/2000,Help Desk Technician,qJoWcFUBWL
Domeniga,Isaac,disaac4u@rakuten.co.jp,14/09/2000,11/03/2000,Marketing Manager,a9tTTRkJw
Roland,Espina,respina4v@google.nl,23/11/2000,20/09/2000,Human Resources Assistant III,WY4Qz4z55Nmu
Rusty,Teese,rteese4w@tamu.edu,13/06/2000,03/07/2000,Assistant Manager,Z29V1k4SouAE
Charil,Kinchley,ckinchley4x@exblog.jp,12/02/2000,20/10/2000,Research Nurse,tT7KSzZoGXIp
Abbie,Metson,ametson4y@uol.com.br,14/08/2000,28/11/2000,Budget/Accounting Analyst I,4jGPvw
Noach,Vinck,nvinck4z@free.fr,20/11/2000,08/11/2000,Human Resources Manager,Z8iwy374nT
Kev,Licciardo,klicciardo50@aol.com,07/12/2000,28/02/2000,VP Marketing,tmMPkz
Aloysia,Gillbey,agillbey51@columbia.edu,21/01/2000,25/02/2000,Nurse,oDakxu
Rosmunda,Burton,rburton52@example.com,03/01/2000,03/02/2000,Accounting Assistant I,LEO7lI83yO
Pierson,Barwick,pbarwick53@comcast.net,23/11/2000,16/10/2000,Environmental Tech,egLcgEMYo
Lidia,Kelemen,lkelemen54@telegraph.co.uk,18/04/2000,25/07/2000,Accounting Assistant III,IxWMcn6
Prescott,Bucky,pbucky55@elpais.com,08/02/2000,12/12/2000,Sales Representative,Wa5Y4ja9
Sharona,Dyde,sdyde56@hud.gov,06/12/2000,02/02/2000,Food Chemist,Sj14sEhFTHh
Gino,Edghinn,gedghinn57@devhub.com,21/07/2000,21/10/2000,Recruiting Manager,BvBeSt
Ursala,Pinhorn,upinhorn58@vimeo.com,03/04/2000,07/03/2000,Associate Professor,OmF14OeAupMJ
Karin,Healings,khealings59@yellowpages.com,13/11/2000,25/03/2000,Graphic Designer,FgHzx9fFNEEV
Alfred,Storks,astorks5a@usgs.gov,23/01/2000,05/09/2000,Registered Nurse,TmCyPm1MUBa
Rikki,Klemke,rklemke5b@typepad.com,12/04/2000,26/02/2000,Account Coordinator,YRxUEI0kAeLl
Alayne,Levi,alevi5c@dagondesign.com,17/05/2000,19/12/2000,Graphic Designer,vNe4ACiX
Erina,Pashley,epashley5d@techcrunch.com,22/05/2000,08/04/2000,Engineer II,EO2UsG
Fonz,Joselovitch,fjoselovitch5e@stumbleupon.com,24/09/2000,30/10/2000,Office Assistant II,ddO9L3iX
Lyndell,Brand,lbrand5f@4shared.com,30/08/2000,18/08/2000,VP Accounting,MDbGx42B3I
Halli,Abbis,habbis5g@imageshack.us,03/12/2000,12/12/2000,Food Chemist,wTQLVw
Viki,Flinn,vflinn5h@wp.com,17/03/2000,05/01/2000,Research Nurse,UXJiMl0ErY
Siana,McEnery,smcenery5i@reddit.com,24/01/2000,14/09/2000,Human Resources Manager,HlhkD5i2n
Petr,Ladds,pladds5j@cmu.edu,22/07/2000,04/07/2000,Civil Engineer,Ew1R8kM1Wmz
Daveta,Pratty,dpratty5k@cdc.gov,09/01/2000,16/11/2000,Nurse,MLRzTxQfso
Dukey,Denerley,ddenerley5l@illinois.edu,30/04/2000,18/01/2000,Health Coach IV,kz3dYcjFG
Tandie,Convery,tconvery5m@ovh.net,12/08/2000,12/07/2000,Structural Engineer,xlwbGWZ1
Dulciana,Perchard,dperchard5n@sphinn.com,14/04/2000,05/10/2000,Staff Accountant IV,EP34yUfjc
Tremain,Parris,tparris5o@angelfire.com,11/10/2000,30/01/2000,Marketing Manager,6t20pKTR0AC
Towney,Martelet,tmartelet5p@booking.com,29/02/2000,26/08/2000,Paralegal,zKGZ4dXZi9
Carly,Boulter,cboulter5q@xing.com,08/04/2000,26/03/2000,Internal Auditor,yDAMWS
Loralee,Aronsohn,laronsohn5r@jalbum.net,27/01/2000,09/06/2000,Chemical Engineer,32CoSuH
Ida,Atwill,iatwill5s@desdev.cn,07/05/2000,02/08/2000,Junior Executive,gA0KNiWQ
Luigi,Zanetello,lzanetello5t@list-manage.com,08/01/2000,09/08/2000,Administrative Assistant III,27C845t
Daisie,Sholem,dsholem5u@rambler.ru,17/07/2000,06/01/2000,Developer I,2Rdmou
Gary,Nickell,gnickell5v@networksolutions.com,21/04/2000,18/06/2000,Account Executive,chtFBGPp75eI
Seward,Denniss,sdenniss5w@youtube.com,25/01/2000,19/01/2000,Senior Sales Associate,jdixZpwfrF
Chiquita,Goodliffe,cgoodliffe5x@hatena.ne.jp,12/07/2000,07/03/2000,Internal Auditor,brRwmD1
Arnold,Ricca,aricca5y@adobe.com,08/12/2000,18/10/2000,Director of Sales,RRBswsFEW
Antonetta,Pearce,apearce5z@tmall.com,19/03/2000,12/10/2000,Research Associate,sw2hkcMSmd
Sherwynd,Kerins,skerins60@cbsnews.com,24/10/2000,29/11/2000,General Manager,xzk1zdSR
Earl,Kassidy,ekassidy61@bloomberg.com,19/06/2000,11/04/2000,Developer I,LFibtVBtg3
Wylie,Byrcher,wbyrcher62@mayoclinic.com,29/04/2000,16/01/2000,VP Accounting,XFY1Q2euN
Torrey,Arnett,tarnett63@pcworld.com,18/03/2000,15/09/2000,Financial Advisor,89ZKPemCWik
Stanislaus,Sillitoe,ssillitoe64@youku.com,05/06/2000,25/04/2000,Cost Accountant,6GELbl6
Marlena,Monahan,mmonahan65@wp.com,02/10/2000,17/11/2000,Senior Editor,K5YJ1S8J
Jarad,Riseley,jriseley66@a8.net,17/03/2000,12/03/2000,Computer Systems Analyst IV,PoQwKvk8yX
Marty,Flatt,mflatt67@alibaba.com,20/12/2000,28/03/2000,Human Resources Manager,WOvaAW
Berti,Redler,bredler68@themeforest.net,07/11/2000,23/07/2000,Research Assistant I,yhIc0dAozGb
Wendell,Sollam,wsollam69@bigcartel.com,04/12/2000,08/04/2000,Nurse,LN9lFfCF
Emilie,Squirrell,esquirrell6a@joomla.org,11/02/2000,25/12/2000,Research Associate,vuZyhpt
Sargent,McLarty,smclarty6b@ycombinator.com,18/07/2000,22/03/2000,Administrative Assistant IV,vG0fUi
Karel,Hamlet,khamlet6c@godaddy.com,16/01/2000,26/06/2000,Financial Advisor,MkMqwWD
Phillipe,Bibbie,pbibbie6d@gizmodo.com,22/04/2000,09/01/2000,Occupational Therapist,a084U31svPn
Roberto,Ormston,rormston6e@sakura.ne.jp,25/01/2000,10/03/2000,Geologist IV,CA3ksr
Ogdon,Bleddon,obleddon6f@skyrock.com,09/03/2000,29/04/2000,Environmental Specialist,rBKK5hxxcwF
Mariya,Treffrey,mtreffrey6g@creativecommons.org,26/11/2000,28/08/2000,Electrical Engineer,lNtUkNtho
Leesa,Shailer,lshailer6h@sogou.com,17/02/2000,19/09/2000,Nurse,a2HxS1z
Odey,Jendrusch,ojendrusch6i@chicagotribune.com,23/09/2000,25/03/2000,Geologist I,v5RXdkC
Vidovik,McGebenay,vmcgebenay6j@dagondesign.com,03/05/2000,15/09/2000,Programmer IV,F7OeHsU
Spenser,Broady,sbroady6k@furl.net,31/01/2000,11/09/2000,Director of Sales,uEiLOnPIErr
Avrit,Agnolo,aagnolo6l@prnewswire.com,13/07/2000,20/03/2000,VP Product Management,FOJ0kPwh
Amery,Bissiker,abissiker6m@ucsd.edu,04/11/2000,21/03/2000,Internal Auditor,djiYxHiDw4Q
Aylmar,Giffon,agiffon6n@china.com.cn,28/07/2000,27/01/2000,Help Desk Operator,gRZcpjJ
Claude,Cromly,ccromly6o@thetimes.co.uk,29/12/2000,15/03/2000,Business Systems Development Analyst,AWXpYNh6B2jC
Nataniel,Bangham,nbangham6p@list-manage.com,15/06/2000,14/02/2000,Analog Circuit Design manager,KfF6Ff7e
Kandy,Bradden,kbradden6q@microsoft.com,29/01/2000,19/02/2000,Web Designer III,q79Ju7tMbZha
Vanny,Rugg,vrugg6r@go.com,18/08/2000,13/10/2000,Developer III,qle4wM2AI4M
Yvor,Poncet,yponcet6s@irs.gov,02/05/2000,27/10/2000,VP Accounting,tj4dn2
Butch,Tarn,btarn6t@hud.gov,03/04/2000,24/06/2000,VP Product Management,zKXEys
Lian,Elsworth,lelsworth6u@java.com,19/07/2000,10/12/2000,Operator,y5yq9ISJHAj
Isaac,Dealy,idealy6v@howstuffworks.com,07/03/2000,26/08/2000,Nurse,Cp78Kv0
Sasha,Hurran,shurran6w@unblog.fr,29/10/2000,18/12/2000,Health Coach III,KKZB8leWM6g0
Maris,Pasby,mpasby6x@mashable.com,22/03/2000,17/08/2000,Technical Writer,sgIQ25nMY
Lyda,Radeliffe,lradeliffe6y@miibeian.gov.cn,14/12/2000,01/11/2000,Analyst Programmer,MVNzQuw
Ann-marie,McDavid,amcdavid6z@google.pl,25/05/2000,25/08/2000,Media Manager II,DVXhjcxV
Kendal,Hinstridge,khinstridge70@soundcloud.com,24/02/2000,20/12/2000,Budget/Accounting Analyst I,KiuXKIjdVD
Valentia,Comizzoli,vcomizzoli71@wix.com,29/06/2000,29/07/2000,Dental Hygienist,BsFatA
Marni,Autin,mautin72@about.com,26/05/2000,12/07/2000,Desktop Support Technician,eoT6Jby45h
Janaye,Gascoyne,jgascoyne73@ask.com,15/03/2000,06/02/2000,Account Representative II,PO5UYk4
Allister,Bamlett,abamlett74@tuttocitta.it,25/09/2000,27/09/2000,Staff Scientist,2rgjMBFB
Anatola,Haslam,ahaslam75@amazon.de,15/12/2000,28/11/2000,Chief Design Engineer,wy65HSS1np2F
Wendye,Scantlebury,wscantlebury76@bandcamp.com,29/08/2000,16/08/2000,Account Coordinator,6pJywM
Brendin,Garvagh,bgarvagh77@cbc.ca,24/11/2000,17/10/2000,Research Associate,sSaVuj
Clyde,Kilmurry,ckilmurry78@mozilla.org,11/02/2000,03/07/2000,Internal Auditor,XnYUs5
Antonina,Shackell,ashackell79@youku.com,22/12/2000,08/03/2000,VP Sales,TxZ05k9HZMl
Karmen,Cobello,kcobello7a@cbc.ca,28/12/2000,03/08/2000,Project Manager,AVymor9
Kellie,Taleworth,ktaleworth7b@live.com,12/06/2000,18/10/2000,Cost Accountant,GyrQEAIrlWE
Elmer,Baxstair,ebaxstair7c@drupal.org,08/08/2000,11/09/2000,Engineer IV,RxG6YCs
Carrissa,Pickerin,cpickerin7d@ameblo.jp,23/02/2000,15/09/2000,Recruiter,EcTTYsA
Haley,Jerrold,hjerrold7e@altervista.org,29/01/2000,19/02/2000,Director of Sales,UT46wuoQ8
Nickolai,Kaine,nkaine7f@edublogs.org,11/11/2000,22/01/2000,Computer Systems Analyst I,lt6782zcscZy
Ellis,McKeeman,emckeeman7g@wufoo.com,14/04/2000,22/06/2000,Software Test Engineer I,2s9bVYE
Obediah,Vautre,ovautre7h@washingtonpost.com,25/02/2000,10/02/2000,Programmer II,YJ3sNzaTXO
Stefania,Polkinghorne,spolkinghorne7i@vimeo.com,26/04/2000,28/06/2000,Librarian,ALfY3zLWtFx
Arabela,Jiles,ajiles7j@dagondesign.com,05/02/2000,17/10/2000,Speech Pathologist,2Dii5g
Katheryn,Mungham,kmungham7k@technorati.com,06/11/2000,12/03/2000,Analog Circuit Design manager,SlNguG92x
Tan,MacFadzan,tmacfadzan7l@1688.com,25/12/2000,15/06/2000,Graphic Designer,yYm73B7E
Aubrey,MacAughtrie,amacaughtrie7m@typepad.com,02/08/2000,08/01/2000,Quality Engineer,K3pgnuC8Zgvc
Wolfie,Eubank,weubank7n@mapy.cz,17/07/2000,01/05/2000,VP Product Management,ooHsCygT
Mollie,Dawidowitsch,mdawidowitsch7o@hugedomains.com,22/03/2000,09/11/2000,Legal Assistant,6FICXkZrMVW
Hobard,Manilove,hmanilove7p@symantec.com,21/04/2000,22/01/2000,Statistician I,8AUgttG73
Hertha,Ivins,hivins7q@about.com,11/05/2000,24/08/2000,VP Marketing,5qM65CLw7BQI
Arlen,Wandrey,awandrey7r@apache.org,06/02/2000,24/06/2000,Physical Therapy Assistant,6q6A9vpO
Meredeth,Jovicic,mjovicic7s@pinterest.com,27/11/2000,12/09/2000,Sales Representative,AbC66PLD8j
Hailey,Peter,hpeter7t@desdev.cn,09/08/2000,09/09/2000,Developer IV,8ejNvMgTS
Claus,Neal,cneal7u@slideshare.net,13/01/2000,27/12/2000,Food Chemist,jwtoeKQufWf
Biddie,Acarson,bacarson7v@epa.gov,21/05/2000,16/10/2000,Research Assistant I,zBcjrG
Inessa,Munroe,imunroe7w@google.es,01/05/2000,18/08/2000,Biostatistician II,E77qji
Caryn,Freddi,cfreddi7x@smugmug.com,21/01/2000,25/08/2000,Data Coordiator,KaMOz3W4WPk
Nannette,Valencia,nvalencia7y@techcrunch.com,28/07/2000,10/06/2000,Business Systems Development Analyst,ihf41fbGDYj
Steven,Audley,saudley7z@theglobeandmail.com,19/06/2000,25/10/2000,Mechanical Systems Engineer,CRIx6EJb
Neille,Bethell,nbethell80@goo.gl,12/03/2000,14/05/2000,Design Engineer,NhT00Al
Cosmo,Smallwood,csmallwood81@ehow.com,17/03/2000,25/07/2000,Nuclear Power Engineer,O81MTD9F
Ingamar,Watson-Brown,iwatsonbrown82@nih.gov,08/09/2000,21/11/2000,VP Marketing,loyQYE
Christa,Capozzi,ccapozzi83@clickbank.net,04/10/2000,09/03/2000,Editor,chCqvr
Georgeanne,McNelly,gmcnelly84@geocities.com,04/01/2000,19/06/2000,Actuary,bUf6t9BPcp
Reese,Sidey,rsidey85@cbsnews.com,06/06/2000,24/12/2000,Software Engineer II,mPD4VlkKd2
Mabelle,Blampey,mblampey86@google.ca,20/06/2000,10/09/2000,GIS Technical Architect,CuOHm3rLYc
Germaine,Jordin,gjordin87@hubpages.com,11/12/2000,24/08/2000,Safety Technician IV,vZlSUc
Gwynne,Guppey,gguppey88@wisc.edu,01/01/2000,17/02/2000,Speech Pathologist,zkpl52kX
Krystyna,Piddocke,kpiddocke89@moonfruit.com,02/10/2000,27/12/2000,Design Engineer,MsfJOpXZ
Madelyn,Ruane,mruane8a@ycombinator.com,12/12/2000,15/06/2000,General Manager,S8ZQAkk
Fredia,Fair,ffair8b@dailymail.co.uk,17/01/2000,06/06/2000,Sales Representative,3xZUOpALP8iT
Serena,Levane,slevane8c@bloglines.com,19/06/2000,16/08/2000,Accountant III,jmm5x2Hg
Alonso,Elcom,aelcom8d@ifeng.com,25/06/2000,12/12/2000,Help Desk Operator,GHwSJfhG4Dm
Humberto,Mingardi,hmingardi8e@nhs.uk,18/08/2000,14/03/2000,Budget/Accounting Analyst III,W4ftQ9
Evan,Sirkett,esirkett8f@webs.com,24/08/2000,08/07/2000,Business Systems Development Analyst,xzIrnL
Boris,Puddle,bpuddle8g@blogs.com,25/08/2000,06/02/2000,Operator,nhLXE9
Alexio,Vant,avant8h@globo.com,15/05/2000,24/03/2000,Data Coordiator,vhC15MyXCh
Sari,Mynett,smynett8i@free.fr,04/09/2000,29/03/2000,Help Desk Technician,bhi7RU
Codi,Dodwell,cdodwell8j@geocities.jp,06/06/2000,05/12/2000,Pharmacist,Vd1bcL2RuTuZ
See,Januszkiewicz,sjanuszkiewicz8k@sciencedaily.com,08/02/2000,29/12/2000,General Manager,l0m0NiSMs
Cory,Condie,ccondie8l@wired.com,08/08/2000,21/03/2000,Sales Associate,yuWDLAStE
Everett,Wilden,ewilden8m@technorati.com,29/02/2000,03/10/2000,Junior Executive,ZZFkyh
Chanda,Blackadder,cblackadder8n@plala.or.jp,09/06/2000,03/11/2000,Senior Editor,mdpUhkZ
Modesta,Evison,mevison8o@msu.edu,27/10/2000,15/12/2000,Account Executive,3y7UcXZsDgIk
Berti,Lowry,blowry8p@google.com.hk,31/08/2000,11/11/2000,Senior Sales Associate,l0Bdt7Kby
Wendie,Sapsed,wsapsed8q@japanpost.jp,12/08/2000,11/12/2000,Recruiting Manager,w6JpUdp
Brandea,Fidock,bfidock8r@dagondesign.com,08/05/2000,25/09/2000,Administrative Officer,eYNhu6CPNPS
Jennilee,Lightfoot,jlightfoot8s@prnewswire.com,11/12/2000,31/03/2000,Registered Nurse,Z4ouptsg4
Flossi,Mitchenson,fmitchenson8t@vinaora.com,24/12/2000,01/12/2000,Accounting Assistant I,9juLB0gK
Keelia,Bortolazzi,kbortolazzi8u@noaa.gov,28/05/2000,20/01/2000,Quality Control Specialist,J60c082B
Roanna,Kaman,rkaman8v@shop-pro.jp,13/03/2000,18/11/2000,Staff Scientist,ApvIpqQj
Bessie,Ziemen,bziemen8w@merriam-webster.com,05/05/2000,04/12/2000,Statistician III,S8Kbjy
Dene,Sherrett,dsherrett8x@amazon.co.uk,12/08/2000,04/08/2000,Electrical Engineer,GFHlCv9T3p4v
Austen,Scawen,ascawen8y@macromedia.com,23/01/2000,29/07/2000,VP Marketing,PQ0KmvcaIzGY
Barnett,Gayter,bgayter8z@examiner.com,12/06/2000,25/12/2000,Programmer Analyst I,gFYx3s
Moe,Bruggen,mbruggen90@slate.com,12/11/2000,18/10/2000,Account Executive,0V8VbUHoyj
Lavinia,Bewshea,lbewshea91@springer.com,13/12/2000,15/07/2000,Physical Therapy Assistant,VGhfNwt
Dmitri,Samweyes,dsamweyes92@phoca.cz,17/11/2000,15/08/2000,Administrative Assistant III,BkqykX
Celie,Renard,crenard93@phoca.cz,01/02/2000,05/01/2000,Junior Executive,cccIYU3ke
Emelita,Dumelow,edumelow94@slideshare.net,23/05/2000,01/12/2000,Accountant IV,8SQG1D
Charley,McGown,cmcgown95@cpanel.net,20/03/2000,15/03/2000,Chemical Engineer,DLwHpr
Cortney,Sheldon,csheldon96@aboutads.info,01/08/2000,31/07/2000,Structural Engineer,tvCauQ
Ichabod,Paynton,ipaynton97@biblegateway.com,01/05/2000,21/04/2000,Senior Editor,g79OlOfVtjW
Jacintha,Bunker,jbunker98@sphinn.com,30/08/2000,14/07/2000,Sales Associate,Zi6tLq5tQG
Dinah,Simoni,dsimoni99@hostgator.com,03/05/2000,03/12/2000,Database Administrator III,EmsjrmEF
Devondra,Tolefree,dtolefree9a@oakley.com,01/05/2000,20/10/2000,Office Assistant II,HBzWGngR6FU
Chris,Bramsen,cbramsen9b@cam.ac.uk,10/05/2000,09/11/2000,Health Coach II,s5XDmKXaxlS
Debbi,Bramsen,dbramsen9c@usgs.gov,10/05/2000,01/07/2000,Professor,cvbXz27Iy
Gabie,Waggitt,gwaggitt9d@slate.com,07/12/2000,02/04/2000,Financial Analyst,rZYhSOv
Beckie,Pideon,bpideon9e@craigslist.org,01/06/2000,08/03/2000,Senior Quality Engineer,fJ4pegK8f
Ellsworth,Chasney,echasney9f@exblog.jp,28/03/2000,18/08/2000,Compensation Analyst,pyXXhNJhg0
Raffarty,Ravenhills,rravenhills9g@redcross.org,28/04/2000,26/03/2000,Data Coordiator,LgAJFD4xWGT
Shari,Kersley,skersley9h@so-net.ne.jp,08/11/2000,19/05/2000,Senior Financial Analyst,AoefrP
Lacy,Ehrat,lehrat9i@engadget.com,02/01/2000,15/02/2000,Sales Associate,oQQRuoWk1Ym
Janot,Placide,jplacide9j@hostgator.com,26/11/2000,14/12/2000,Environmental Tech,bRJIUf
Lusa,Pusill,lpusill9k@cornell.edu,14/08/2000,21/07/2000,Administrative Officer,GSlMRLGEayMV
Agneta,Wells,awells9l@is.gd,22/04/2000,19/02/2000,Research Associate,eUjensWCeEw
Loralee,Bellefonte,lbellefonte9m@bizjournals.com,11/12/2000,08/11/2000,Registered Nurse,ZI65xL5q
Hastings,Walicki,hwalicki9n@163.com,24/08/2000,05/09/2000,Software Test Engineer IV,l0wq2Vs
Ann-marie,Hoofe,ahoofe9o@xrea.com,12/05/2000,09/09/2000,Office Assistant II,HmlONhAYzn
Tris,Griffin,tgriffin9p@parallels.com,23/10/2000,07/02/2000,Clinical Specialist,34g7gQadC
Sonnie,Iredale,siredale9q@theglobeandmail.com,09/08/2000,20/11/2000,Electrical Engineer,IS02AsN
Arlina,Younge,ayounge9r@dailymail.co.uk,11/08/2000,11/02/2000,Data Coordiator,E0c70Xu
Fancy,Dionsetti,fdionsetti9s@boston.com,18/07/2000,24/06/2000,Automation Specialist II,dAkFjp
Ashla,Fullerton,afullerton9t@addtoany.com,02/06/2000,16/01/2000,Speech Pathologist,wTyMUv8
Annalise,Nixon,anixon9u@moonfruit.com,16/08/2000,23/11/2000,Safety Technician IV,RnMNSoDErL
Flo,Oliff,foliff9v@php.net,17/09/2000,02/10/2000,Health Coach III,IPHOqkYpGMx
Patrizius,Stuehmeyer,pstuehmeyer9w@theguardian.com,19/05/2000,22/07/2000,Compensation Analyst,CtCllpZC
Dyanna,Sommerland,dsommerland9x@elegantthemes.com,23/05/2000,08/06/2000,Senior Quality Engineer,IvuqW8n
Gavrielle,Weatherell,gweatherell9y@godaddy.com,27/08/2000,06/08/2000,Software Consultant,csI7UDouL
Luz,Kinvig,lkinvig9z@umn.edu,22/11/2000,06/06/2000,Internal Auditor,TRNdIP4uGK
Roberta,Finnigan,rfinnigana0@stumbleupon.com,17/03/2000,26/04/2000,Geologist II,D3tfCDUZ
Lea,Galey,lgaleya1@google.co.jp,01/11/2000,24/01/2000,Associate Professor,GUoRZvesqa
Gardy,Suff,gsuffa2@archive.org,06/01/2000,18/03/2000,Payment Adjustment Coordinator,fWyoNG9l
Kikelia,Pien,kpiena3@marketwatch.com,13/02/2000,27/11/2000,Dental Hygienist,ONLUKANML
D'arcy,Youings,dyouingsa4@zdnet.com,01/08/2000,03/12/2000,Chemical Engineer,sJ3SgJ3
Eveleen,Kubanek,ekubaneka5@tmall.com,17/02/2000,25/05/2000,Programmer IV,Nf1sWkxJbtT
May,Fowlston,mfowlstona6@ifeng.com,13/01/2000,29/02/2000,Data Coordiator,HyQYXS
Alidia,Ramos,aramosa7@blinklist.com,30/07/2000,12/02/2000,Physical Therapy Assistant,MHhxWFIZUt
Rochella,Smieton,rsmietona8@taobao.com,25/05/2000,02/01/2000,VP Marketing,AiasASmV1r
Etan,Paten,epatena9@narod.ru,19/04/2000,17/07/2000,Budget/Accounting Analyst III,6i2Gt6M7TR
Kacey,Lawles,klawlesaa@cmu.edu,22/11/2000,08/11/2000,Programmer Analyst I,M4LdIC
Rudolph,Dumsday,rdumsdayab@ucoz.ru,05/12/2000,28/01/2000,Web Developer II,SvHnCNIUz
Amelita,Downie,adownieac@symantec.com,06/05/2000,04/03/2000,Structural Analysis Engineer,9QZtHQcijP
Rosemonde,Tolman,rtolmanad@google.nl,11/06/2000,13/02/2000,Financial Analyst,8tMu6Ch7u3
Harrison,Labet,hlabetae@umn.edu,03/04/2000,10/03/2000,Project Manager,TDIIYHFFh
Zsa zsa,Kopmann,zkopmannaf@networkadvertising.org,30/08/2000,16/02/2000,Analog Circuit Design manager,xeIzfvw4
Merline,Rossbrooke,mrossbrookeag@amazonaws.com,15/01/2000,30/07/2000,Analog Circuit Design manager,tVu0zQaDyG
Pooh,Lorence,plorenceah@paypal.com,17/01/2000,21/07/2000,Account Executive,dWGmoIqypp
Agna,Veryard,averyardai@pen.io,01/05/2000,18/07/2000,Assistant Professor,bmrK9nO4fI
Evonne,Kaysor,ekaysoraj@intel.com,25/05/2000,30/04/2000,Operator,kX7uf3
Lewes,Marciek,lmarciekak@unc.edu,04/07/2000,02/10/2000,Legal Assistant,uQ3gMQoIVab
Anna-diana,Paver,apaveral@wp.com,16/04/2000,02/05/2000,Mechanical Systems Engineer,Ts8Tpsc
Alistair,Treves,atrevesam@blog.com,20/07/2000,03/07/2000,Editor,WBIjgkX
Anallise,Stains,astainsan@is.gd,01/03/2000,28/02/2000,Nurse Practicioner,0oVIIf89MI
Zondra,Bidgood,zbidgoodao@google.fr,09/10/2000,23/12/2000,Business Systems Development Analyst,uFAcVU
Waylin,Bowlesworth,wbowlesworthap@blogs.com,26/09/2000,15/03/2000,Account Representative III,3GvrMBBw
Peter,Garry,pgarryaq@usgs.gov,28/08/2000,21/11/2000,Business Systems Development Analyst,CTWhfq
Abbie,Bergin,aberginar@unesco.org,05/09/2000,11/08/2000,Speech Pathologist,f97AlYKz6E9
Rollo,Alenikov,ralenikovas@economist.com,06/12/2000,02/12/2000,Senior Cost Accountant,EN6QFEVUPE
Garik,Kardos-Stowe,gkardosstoweat@blogger.com,14/08/2000,04/12/2000,Dental Hygienist,gCEE2es
Natale,Bonas,nbonasau@usgs.gov,19/12/2000,08/05/2000,Speech Pathologist,32aeyXxaoTm6
Danny,Nelm,dnelmav@accuweather.com,11/01/2000,11/08/2000,Account Representative I,t11GAbJ9HCI0
Amity,Goulstone,agoulstoneaw@people.com.cn,11/04/2000,23/09/2000,Web Developer IV,hT53XzL6Q
Stephine,Axelbee,saxelbeeax@i2i.jp,28/02/2000,13/01/2000,Desktop Support Technician,lx26hXnWmC
Sibylle,Loiterton,sloitertonay@walmart.com,14/08/2000,17/08/2000,Occupational Therapist,6ZXa7Im
Ellery,Renachowski,erenachowskiaz@live.com,29/06/2000,21/11/2000,Senior Sales Associate,tpfcVTss
Fidel,Harp,fharpb0@census.gov,05/12/2000,17/03/2000,Business Systems Development Analyst,lAruI0bik
Cecelia,Sonley,csonleyb1@unicef.org,07/06/2000,17/07/2000,Compensation Analyst,rfi1Gnv
Lulita,Ditchburn,lditchburnb2@about.com,12/05/2000,24/03/2000,Teacher,X6OPMtA
Laird,Gitsham,lgitshamb3@multiply.com,27/09/2000,19/11/2000,Accountant I,YMBNTEcS7gD
Marty,Luke,mlukeb4@parallels.com,10/04/2000,26/10/2000,Actuary,iOFySc482ahK
Danni,Verring,dverringb5@nydailynews.com,01/03/2000,31/08/2000,Librarian,KCjT3GI6dgE6
Devondra,Morando,dmorandob6@cisco.com,18/08/2000,23/06/2000,Associate Professor,O7LQQvQF6NLp
Marris,Rumbold,mrumboldb7@cnbc.com,20/09/2000,16/10/2000,Accounting Assistant II,ukJouiGGm
Dennet,Danielot,ddanielotb8@goo.ne.jp,21/05/2000,25/02/2000,Clinical Specialist,LRLfAGD0Z
Stanislaus,Zukierman,szukiermanb9@prnewswire.com,20/02/2000,20/11/2000,Senior Cost Accountant,gNGBokv23zh
Warner,Foot,wfootba@skype.com,21/07/2000,03/12/2000,Geologist III,RzsIzV
Aymer,Gentiry,agentirybb@last.fm,04/06/2000,05/12/2000,Assistant Media Planner,5on9KPGJLc
Chadd,Macvey,cmacveybc@nature.com,03/07/2000,08/05/2000,Design Engineer,7JoFE1rB1m
Madlen,Lethabridge,mlethabridgebd@cbslocal.com,13/05/2000,26/07/2000,Human Resources Manager,pPWvbKDdgpEP
Bruce,Bachelor,bbachelorbe@reuters.com,25/11/2000,18/05/2000,Budget/Accounting Analyst IV,te6hxR8PZWO
Alphonso,Croisdall,acroisdallbf@economist.com,12/02/2000,09/10/2000,Quality Control Specialist,zaDjEv
Karita,Iacovacci,kiacovaccibg@eepurl.com,28/10/2000,30/11/2000,GIS Technical Architect,YKhlNAc
Annie,Kirmond,akirmondbh@delicious.com,29/07/2000,07/10/2000,Nurse,vnAb1MInCf5c
Ruttger,Kalaher,rkalaherbi@t.co,13/01/2000,20/12/2000,Systems Administrator IV,0kmMfVqkRrVH
Janeen,Parmer,jparmerbj@sfgate.com,20/08/2000,22/02/2000,Media Manager I,5eloEVIznp
Ashbey,Burnside,aburnsidebk@fc2.com,01/07/2000,14/06/2000,Senior Developer,r83vWkPFtPLP
Jobey,Bassham,jbasshambl@wordpress.org,15/01/2000,20/03/2000,Senior Financial Analyst,sel35mxM
Leeland,Bruhnsen,lbruhnsenbm@ox.ac.uk,25/11/2000,04/11/2000,Technical Writer,dCWSMv
Eddy,Mottershaw,emottershawbn@newsvine.com,10/11/2000,12/05/2000,Civil Engineer,cIlbaZ
Elmer,Feathers,efeathersbo@pen.io,28/07/2000,14/01/2000,Geologist IV,J4Xr3n
Jody,Entwistle,jentwistlebp@nytimes.com,12/02/2000,29/09/2000,Developer I,n1GKuB8T9i0
Griffin,Ropkes,gropkesbq@google.pl,13/10/2000,01/06/2000,VP Sales,VyVNT12ex
Chickie,Ferminger,cfermingerbr@youtube.com,03/12/2000,16/06/2000,Editor,63RQNB8AP
Prudy,Storer,pstorerbs@qq.com,12/08/2000,28/11/2000,Health Coach IV,4d6X61MmPhBL
Chan,Grimley,cgrimleybt@unc.edu,14/12/2000,13/07/2000,Nuclear Power Engineer,OJAcZBizupZ
Dennis,Tschersich,dtschersichbu@reddit.com,29/09/2000,05/06/2000,Research Nurse,MTBRivdD
Vinny,Vaggs,vvaggsbv@shutterfly.com,20/11/2000,26/02/2000,VP Product Management,GUWhMoW
Timofei,Trewartha,ttrewarthabw@spotify.com,03/04/2000,29/11/2000,Marketing Assistant,TkhnGY
Lorenza,Decreuze,ldecreuzebx@bizjournals.com,15/10/2000,07/02/2000,Budget/Accounting Analyst IV,Mnv5cPOBb
Alyssa,Roubert,aroubertby@marriott.com,03/11/2000,23/08/2000,Software Engineer II,omCV7D
Ibrahim,Brisset,ibrissetbz@about.me,04/08/2000,03/02/2000,Geologist III,8EGM2p3
Dory,Copley,dcopleyc0@gov.uk,08/11/2000,18/08/2000,Senior Financial Analyst,8R7hZh30v
Ernesta,Bonhome,ebonhomec1@adobe.com,08/12/2000,08/03/2000,Food Chemist,XLKBjy4LD8
Alia,Avard,aavardc2@parallels.com,21/09/2000,07/06/2000,Assistant Media Planner,X7sAEw4WM
Albrecht,Kleinstein,akleinsteinc3@nifty.com,15/01/2000,14/12/2000,Research Assistant III,4O2L98Kw
Marilee,Derdes,mderdesc4@sun.com,28/12/2000,17/01/2000,Chief Design Engineer,d1asTFMwaBL
Kassie,Fessions,kfessionsc5@umich.edu,12/04/2000,26/02/2000,Chemical Engineer,5pmQT2abzfur
Pete,Crombleholme,pcrombleholmec6@cmu.edu,30/06/2000,11/01/2000,Statistician III,5dWE9N
Benni,Self,bselfc7@umn.edu,09/05/2000,07/09/2000,Web Designer I,cGLpsO4yQCw
Jacinta,Huglin,jhuglinc8@wikia.com,20/03/2000,07/09/2000,Environmental Specialist,KucGYV
Sarajane,Peegrem,speegremc9@so-net.ne.jp,06/03/2000,17/02/2000,Programmer Analyst III,5rGrGdjXyIpI
Papagena,Dinneges,pdinnegesca@mashable.com,24/12/2000,22/08/2000,Chemical Engineer,cIIQKK
Binni,Raigatt,braigattcb@godaddy.com,22/08/2000,02/04/2000,Assistant Manager,KCYVu5MxQ7
Leodora,Swan,lswancc@time.com,29/04/2000,10/12/2000,Help Desk Operator,UUW5J6YT
Laurel,Pawnsford,lpawnsfordcd@dedecms.com,15/02/2000,07/10/2000,Research Nurse,ZkxrpaKo
Yetta,Gonneau,ygonneauce@google.it,25/05/2000,06/12/2000,Civil Engineer,UAkTYLNw
Pamelina,Forde,pfordecf@tamu.edu,17/08/2000,14/01/2000,Cost Accountant,N1ZvSWS2e
Sallie,Lindstedt,slindstedtcg@1688.com,04/06/2000,01/05/2000,Director of Sales,EVyKlgTCMZ
Wainwright,Gleed,wgleedch@uiuc.edu,05/12/2000,16/07/2000,Information Systems Manager,tqfBhqnqqd8
Leila,Joerning,ljoerningci@samsung.com,20/11/2000,02/08/2000,Assistant Media Planner,TAbhvQmJ
Candida,Rubel,crubelcj@geocities.com,02/07/2000,30/09/2000,Assistant Professor,11NSxJjm94zP
Alexis,Pittendreigh,apittendreighck@icq.com,02/09/2000,19/06/2000,Web Designer III,kaOD3HyL
Brandais,Jerdein,bjerdeincl@phpbb.com,14/12/2000,06/04/2000,Senior Editor,OdWfJ18VciI
Imojean,Chillcot,ichillcotcm@bravesites.com,04/10/2000,28/04/2000,Social Worker,9Re7yM
Frannie,Briscow,fbriscowcn@live.com,26/02/2000,21/10/2000,Programmer III,kT4ZXbg7qbE0
Harald,Trevethan,htrevethanco@pen.io,08/12/2000,19/04/2000,Analyst Programmer,w3fLG4
Elmore,Bleything,ebleythingcp@wikia.com,02/07/2000,09/05/2000,Engineer II,qsrd42Y
Lucias,Sewill,lsewillcq@t.co,27/07/2000,19/08/2000,Electrical Engineer,XF4BRMTj8QX
Kalil,Gwatkin,kgwatkincr@timesonline.co.uk,13/03/2000,24/03/2000,Physical Therapy Assistant,efq6Ab5F
Nevsa,Dowker,ndowkercs@ow.ly,07/01/2000,22/02/2000,VP Quality Control,Rw0Nyplj69fd
Efrem,MacIver,emaciverct@chronoengine.com,12/11/2000,03/11/2000,Environmental Specialist,noigH1Yau7
Marrissa,Face,mfacecu@ebay.com,13/01/2000,21/02/2000,Operator,mLC96CCfUxra
Ingemar,Colleran,icollerancv@ameblo.jp,22/09/2000,13/03/2000,Associate Professor,kap16U0KgNJj
Demetra,Baiyle,dbaiylecw@nhs.uk,16/09/2000,22/08/2000,Financial Analyst,wEZXUdBt
Sheba,Oattes,soattescx@fotki.com,30/10/2000,10/01/2000,Graphic Designer,SHEDdL
Louis,Gillison,lgillisoncy@shinystat.com,06/03/2000,16/11/2000,Analyst Programmer,iJ2z8i
Georgie,Denecamp,gdenecampcz@jimdo.com,17/03/2000,30/10/2000,Graphic Designer,yIBjenA
Joella,Barwood,jbarwoodd0@flavors.me,29/03/2000,15/07/2000,Web Designer I,8eOt8em
Morris,Strongitharm,mstrongitharmd1@de.vu,27/04/2000,02/03/2000,Computer Systems Analyst III,5sCsDPM9y
Winonah,O'Doherty,wodohertyd2@dropbox.com,11/09/2000,10/07/2000,General Manager,BQiyWBcS5FT
Mord,Pollastrone,mpollastroned3@wikipedia.org,07/09/2000,12/05/2000,Biostatistician II,uDxyqNQt
Byrom,Brameld,bbrameldd4@stumbleupon.com,11/04/2000,15/03/2000,Recruiting Manager,pyqKkkyb0sE
Jazmin,Hinge,jhinged5@howstuffworks.com,16/11/2000,23/08/2000,Junior Executive,TKKKurtNO2I
Mitchel,Rubertis,mrubertisd6@vimeo.com,09/11/2000,15/06/2000,Staff Scientist,PY2qNM
Darci,Wadley,dwadleyd7@nps.gov,21/09/2000,18/06/2000,Web Developer I,31aP4bk
Friedrich,Rishworth,frishworthd8@moonfruit.com,17/12/2000,16/03/2000,Chief Design Engineer,zdQNYbj
Waylan,Weiser,wweiserd9@homestead.com,07/11/2000,21/08/2000,Geologist II,rcDm4tnHPiMD
Luelle,Hayley,lhayleyda@ed.gov,13/05/2000,30/08/2000,Tax Accountant,0VEM4atmD
Fran,Vanyukhin,fvanyukhindb@mac.com,06/08/2000,25/09/2000,Compensation Analyst,Ki97CR3
Ardelia,Iacopo,aiacopodc@mtv.com,26/06/2000,25/09/2000,VP Accounting,nnUea4QnW
Erinn,Kubu,ekubudd@cocolog-nifty.com,13/08/2000,08/07/2000,Web Developer I,cjmut14ItRW
Sigismondo,Maudson,smaudsonde@amazon.co.jp,21/07/2000,20/11/2000,Business Systems Development Analyst,jZVUwusYh
Jasun,Goundry,jgoundrydf@cnet.com,21/01/2000,04/05/2000,Chemical Engineer,syPuMkVi
Fidela,Creech,fcreechdg@epa.gov,02/12/2000,22/05/2000,GIS Technical Architect,zPiRo633w
Maible,Helstrip,mhelstripdh@wordpress.com,17/09/2000,07/06/2000,Executive Secretary,xD7vAWVx
Jerrie,Wignall,jwignalldi@gizmodo.com,16/12/2000,12/10/2000,VP Marketing,Qh6qYjKKtPN
Matthias,Souten,msoutendj@shutterfly.com,11/02/2000,02/07/2000,Financial Analyst,ZSpGdz7skH6
Laraine,Hollingsby,lhollingsbydk@si.edu,31/08/2000,19/10/2000,Editor,nnxVYaZaU
Morlee,Braunfeld,mbraunfelddl@moonfruit.com,03/09/2000,12/10/2000,Environmental Specialist,37AMXs42y
Kellsie,Deering,kdeeringdm@whitehouse.gov,10/09/2000,03/10/2000,Accountant IV,kvgcNWJ
Dorri,Hinstridge,dhinstridgedn@dell.com,22/02/2000,23/08/2000,Chief Design Engineer,W7dus61f
Paulie,Marginson,pmarginsondo@wsj.com,07/12/2000,05/01/2000,Graphic Designer,4xg9YNouvnR
Sib,Schwandermann,sschwandermanndp@infoseek.co.jp,13/11/2000,17/08/2000,Financial Analyst,UCisXf
Carlye,Pietsma,cpietsmadq@bbb.org,02/06/2000,04/09/2000,Editor,4eJ4tHw
Cathie,Lorenc,clorencdr@qq.com,23/09/2000,17/07/2000,Occupational Therapist,5QWLErgGy5bu
Quinn,Crigin,qcriginds@timesonline.co.uk,30/05/2000,06/01/2000,Human Resources Assistant III,PzT6BVPjMB
Blondy,Conn,bconndt@amazonaws.com,20/10/2000,25/10/2000,Chemical Engineer,HIK8QxnU
Mag,Domel,mdomeldu@cnbc.com,26/02/2000,02/10/2000,Payment Adjustment Coordinator,nIpNhfc
Rozanna,Craine,rcrainedv@mysql.com,06/10/2000,12/05/2000,Paralegal,h1Yd0P29Y2ei
Clevey,Candwell,ccandwelldw@freewebs.com,13/03/2000,10/03/2000,Geologist I,r1x54fLfVhwm
Jeannie,Hambright,jhambrightdx@51.la,06/09/2000,28/09/2000,Sales Associate,o69w60od
Ashien,Amorts,aamortsdy@themeforest.net,18/08/2000,26/11/2000,Chief Design Engineer,YDq3Oi
Kori,Giraudo,kgiraudodz@jimdo.com,22/10/2000,08/10/2000,Physical Therapy Assistant,g9DZDMh8cEg
Kat,Tudor,ktudore0@imgur.com,16/10/2000,04/01/2000,Account Executive,NbLrvPFAEV
Cindi,Eynaud,ceynaude1@flickr.com,08/02/2000,06/10/2000,Computer Systems Analyst III,TAdugYEV418
Marshal,Hulkes,mhulkese2@nationalgeographic.com,20/11/2000,15/04/2000,Editor,FZ9g9HdrHs
Cheri,Rosser,crossere3@chronoengine.com,11/07/2000,15/10/2000,General Manager,x5vanJt6
Gaspard,MacCallum,gmaccallume4@earthlink.net,25/04/2000,08/07/2000,Help Desk Technician,qXR7AtDVb
Clemente,Bridgewood,cbridgewoode5@webeden.co.uk,19/04/2000,01/05/2000,Account Representative III,0BSR6uX2
Sandy,Borg-Bartolo,sborgbartoloe6@t.co,07/12/2000,20/04/2000,Recruiter,i8Gnwp
Ame,Speakman,aspeakmane7@pagesperso-orange.fr,25/01/2000,03/06/2000,Design Engineer,gryIlT
Giraldo,Hanratty,ghanrattye8@nytimes.com,16/08/2000,04/05/2000,Research Associate,FBYPktmLtD
Kaela,Palle,kpallee9@cdbaby.com,07/11/2000,09/10/2000,Food Chemist,ltP5lB
Khalil,Tanby,ktanbyea@amazon.de,06/01/2000,08/02/2000,Pharmacist,MImWxbmJYywh
Maybelle,Downing,mdowningeb@bloglines.com,27/06/2000,17/01/2000,Professor,05NlMFIu
Camey,Stuehmeier,cstuehmeierec@mtv.com,04/10/2000,27/02/2000,VP Product Management,CGVG6s
Chiarra,Langeren,clangerened@huffingtonpost.com,01/08/2000,05/01/2000,Biostatistician II,F2L97jcOAu
Carlie,Stroban,cstrobanee@discuz.net,01/06/2000,21/06/2000,Nurse Practicioner,kx7lKppqynEC
Guthrie,Coaten,gcoatenef@ucoz.com,03/08/2000,11/03/2000,Community Outreach Specialist,H0tL0Pi7J
Jamal,McGauhy,jmcgauhyeg@tmall.com,26/04/2000,27/11/2000,Analog Circuit Design manager,BSpywLjYct
Arri,Smoote,asmooteeh@huffingtonpost.com,06/12/2000,27/07/2000,Web Developer III,XNhHoz0
Quentin,Bakster,qbaksterei@springer.com,21/05/2000,07/04/2000,Paralegal,AJ9q8JMuB
Velma,Ciccottini,vciccottiniej@sphinn.com,08/10/2000,23/10/2000,Geologist II,Rf5nD3
Carmencita,Leitche,cleitcheek@hao123.com,18/12/2000,20/08/2000,Paralegal,ilrzWN9YF
Nahum,Murra,nmurrael@cnbc.com,05/03/2000,14/06/2000,Payment Adjustment Coordinator,Y5tYcI
Tish,Mackstead,tmacksteadem@forbes.com,22/05/2000,03/07/2000,Help Desk Operator,eJuoEDA
Tana,Blakeslee,tblakesleeen@liveinternet.ru,28/01/2000,18/06/2000,Internal Auditor,gAHmtClF
Carmencita,Durnall,cdurnalleo@gravatar.com,10/03/2000,31/07/2000,Assistant Media Planner,wsfFqLIy
Demetri,Powling,dpowlingep@newyorker.com,04/03/2000,10/12/2000,Chief Design Engineer,UGXwLmrlfg
Matthus,Housbie,mhousbieeq@usnews.com,21/04/2000,28/01/2000,Assistant Media Planner,8c6zpWFQcW2o
Graig,Reicherz,greicherzer@yahoo.com,08/06/2000,10/07/2000,Account Representative II,Tlmuk0
Meryl,Hayford,mhayfordes@amazon.de,23/07/2000,24/07/2000,Biostatistician IV,eTAfQm35LCJ
Sharline,Schroter,sschroteret@omniture.com,10/04/2000,17/10/2000,Research Associate,ecFXiuB
Adella,Chess,achesseu@lulu.com,04/03/2000,20/10/2000,Civil Engineer,xuFbbE9FB
Ofilia,Leadbitter,oleadbitterev@freewebs.com,01/05/2000,24/01/2000,Senior Quality Engineer,e3QR393yOUv
Gaspar,Jessope,gjessopeew@bbb.org,19/11/2000,29/12/2000,Design Engineer,7owHKP5
Lowe,Stud,lstudex@newyorker.com,28/03/2000,04/11/2000,Research Nurse,edYLCw
Brita,Apple,bappleey@youku.com,01/09/2000,12/01/2000,Social Worker,ZilY9YhKwX12
Palm,Spaight,pspaightez@naver.com,28/02/2000,17/01/2000,Editor,6tKJiBiUC
Arlan,Joly,ajolyf0@photobucket.com,03/05/2000,28/09/2000,Safety Technician III,bkpmtvessOn
Gran,Deverock,gdeverockf1@earthlink.net,19/10/2000,15/09/2000,VP Marketing,MDvVbI5I4h
Tobe,Biddle,tbiddlef2@uol.com.br,30/08/2000,27/10/2000,Librarian,Ok4CK8P
Shamus,Murrison,smurrisonf3@addtoany.com,03/02/2000,26/12/2000,Senior Sales Associate,Kxx9wW
Janene,Siddons,jsiddonsf4@gravatar.com,17/03/2000,09/11/2000,Dental Hygienist,6GnLObts
Monroe,Skahill,mskahillf5@discuz.net,12/07/2000,23/09/2000,Health Coach I,dxOLi9
Jone,Rikard,jrikardf6@live.com,19/01/2000,06/11/2000,Marketing Assistant,ELZkaRD
Chickie,Harmson,charmsonf7@washingtonpost.com,20/03/2000,28/01/2000,Data Coordiator,m7gyH3WxzzWW
Wit,Wickens,wwickensf8@buzzfeed.com,09/02/2000,21/10/2000,Human Resources Manager,4yBSGXGbiE
Lee,Hollidge,lhollidgef9@independent.co.uk,24/07/2000,25/07/2000,Analog Circuit Design manager,1xAtCvT3n
Grethel,McCorkell,gmccorkellfa@cbslocal.com,12/09/2000,18/03/2000,Structural Analysis Engineer,abmen3TwAWom
Hamel,Dumphrey,hdumphreyfb@harvard.edu,23/04/2000,01/12/2000,Financial Analyst,EzaFhv
Blanca,Hainey`,bhaineyfc@yahoo.com,09/08/2000,05/08/2000,Payment Adjustment Coordinator,E0XIhxd
Cecilia,McFie,cmcfiefd@hostgator.com,09/06/2000,26/10/2000,Editor,dPG7xXQcfJD
Melisandra,Vickors,mvickorsfe@biglobe.ne.jp,24/04/2000,20/09/2000,Office Assistant IV,Gja6Hs
Davey,Largan,dlarganff@myspace.com,12/01/2000,02/03/2000,Registered Nurse,mfeM7siwb
Borg,Duffin,bduffinfg@statcounter.com,02/05/2000,08/02/2000,Tax Accountant,ESEvuyB6Dk
Joy,Attenbrow,jattenbrowfh@washingtonpost.com,14/01/2000,11/10/2000,Systems Administrator IV,lSdVLMvxGWo
Loren,De Lorenzo,ldelorenzofi@dell.com,01/07/2000,17/05/2000,Help Desk Operator,EPpKNvKQ
Ado,Livsey,alivseyfj@howstuffworks.com,24/05/2000,26/09/2000,Web Developer I,1jLaz4hy
Cosmo,Godsafe,cgodsafefk@multiply.com,24/11/2000,22/01/2000,Help Desk Technician,U2DFfOaH
Kellen,Bordes,kbordesfl@quantcast.com,24/04/2000,04/03/2000,Sales Representative,Yo7K5PGz
Rawley,Coytes,rcoytesfm@japanpost.jp,20/02/2000,22/05/2000,Analog Circuit Design manager,QY8n3Ny2r
Alexis,Standidge,astandidgefn@symantec.com,11/11/2000,13/12/2000,Geologist I,p28N9G2mjoI
Clywd,Delacourt,cdelacourtfo@examiner.com,03/05/2000,25/08/2000,Software Test Engineer I,dx6ymgDYdHF
Christy,Parmenter,cparmenterfp@dyndns.org,19/11/2000,19/11/2000,Developer IV,ovuAlb
Karmen,Greaves,kgreavesfq@jalbum.net,05/05/2000,21/02/2000,Nurse,0V11BPUP
Seamus,Welton,sweltonfr@mlb.com,14/11/2000,14/04/2000,Assistant Professor,F5Osle
Nobe,Varfalameev,nvarfalameevfs@deviantart.com,28/10/2000,12/05/2000,Web Designer II,YKFGZcp1jm
Daron,Scotti,dscottift@mac.com,18/04/2000,31/07/2000,Office Assistant III,jBxYjfIU7
Hernando,MacGillacolm,hmacgillacolmfu@businesswire.com,18/02/2000,07/03/2000,Administrative Assistant I,hjD2QZjkH
Yance,Seatter,yseatterfv@linkedin.com,21/09/2000,06/02/2000,Speech Pathologist,23UyOFqnq
Florencia,Jurasz,fjuraszfw@hatena.ne.jp,02/08/2000,30/05/2000,Accounting Assistant III,P70i1SIgL
Phaidra,Canfield,pcanfieldfx@bloglovin.com,19/10/2000,28/12/2000,Developer I,dey4HTlYs4
Sascha,Matusiak,smatusiakfy@hao123.com,19/02/2000,11/10/2000,Marketing Manager,288xFB3m2ZW
Nikki,Corten,ncortenfz@nih.gov,08/08/2000,01/05/2000,Assistant Media Planner,qyyKMQvrFYo
Ruthe,Mintoft,rmintoftg0@pcworld.com,09/10/2000,07/06/2000,Assistant Professor,MkRfnac
Mendy,Wreiford,mwreifordg1@clickbank.net,07/09/2000,30/08/2000,General Manager,2ajcUnWyteJe
Isac,Storcke,istorckeg2@sun.com,23/02/2000,06/05/2000,Help Desk Operator,1FKHhVNn
August,Muzzini,amuzzinig3@cargocollective.com,07/12/2000,24/07/2000,Web Designer I,z6TwmyNJS4X
Hiram,Bome,hbomeg4@feedburner.com,20/08/2000,24/06/2000,Research Associate,7BeNGdNXt
Giusto,Claybourne,gclaybourneg5@timesonline.co.uk,14/02/2000,02/11/2000,Research Associate,mEEdIxWD2
Arron,O'Nowlan,aonowlang6@angelfire.com,29/09/2000,14/04/2000,Food Chemist,Tpax9FuQ3Xdl
Odette,Thorsby,othorsbyg7@sourceforge.net,31/05/2000,30/03/2000,General Manager,53LArMmgI
Merlina,Hugnot,mhugnotg8@google.ru,13/01/2000,28/05/2000,Sales Representative,zA7GgI37jp9h
Jordan,Camier,jcamierg9@nytimes.com,25/06/2000,29/09/2000,Software Test Engineer IV,ljMuY0mKuRxj
Liliane,Solesbury,lsolesburyga@washington.edu,24/04/2000,07/07/2000,Junior Executive,TOyN5f1oS
Teddy,Cosley,tcosleygb@rediff.com,02/09/2000,04/10/2000,Compensation Analyst,io3aF8YgIT
Ursola,Gossage,ugossagegc@chron.com,06/06/2000,17/12/2000,Executive Secretary,FoN1bci
Carline,Dorracott,cdorracottgd@mozilla.org,22/05/2000,03/04/2000,Research Nurse,s3hj05daVEf
Silas,Winter,swinterge@nationalgeographic.com,18/01/2000,14/09/2000,Human Resources Manager,ze5eB9pD
Brand,Ivett,bivettgf@digg.com,30/04/2000,30/01/2000,Quality Control Specialist,bQXAm03fZ
Ragnar,Pipes,rpipesgg@networkadvertising.org,24/05/2000,16/12/2000,VP Product Management,tEUtynbwM
Kin,Hourston,khourstongh@spotify.com,02/06/2000,04/08/2000,Nurse Practicioner,JkpSUHlwzx
Katti,Townby,ktownbygi@hao123.com,02/02/2000,23/09/2000,Nuclear Power Engineer,nTVIZRHks
Lenore,Buzin,lbuzingj@gnu.org,25/01/2000,31/10/2000,Nuclear Power Engineer,OK4xu1QlEKL
Devon,Foker,dfokergk@google.fr,30/05/2000,17/06/2000,Senior Cost Accountant,gjGopR0I1zGJ
Ciro,Lunbech,clunbechgl@nhs.uk,05/08/2000,17/03/2000,Human Resources Assistant III,vJcnbMG2QbD
Myer,Petrelli,mpetrelligm@goo.gl,10/09/2000,22/06/2000,Senior Developer,8q2QkgD7pmd
Mill,Kroch,mkrochgn@china.com.cn,02/07/2000,28/01/2000,Professor,xQ0tzPIuF
Leonard,Garn,lgarngo@tinyurl.com,22/10/2000,10/10/2000,Editor,zNx0fLhT0
Lucretia,Cheston,lchestongp@hatena.ne.jp,28/11/2000,04/07/2000,Information Systems Manager,tfCZcLngkl
Arabel,Andreoletti,aandreolettigq@dailymail.co.uk,23/06/2000,23/08/2000,Recruiting Manager,jUxjed
Lynsey,Aikin,laikingr@nih.gov,14/12/2000,15/10/2000,GIS Technical Architect,SrnfqEsDh
Valentia,Bartrap,vbartrapgs@jugem.jp,13/02/2000,10/08/2000,Tax Accountant,nTG3pjqM
Huey,Fosdyke,hfosdykegt@sogou.com,09/12/2000,02/02/2000,General Manager,DcSm1cVDdZ
Goddard,Kliemann,gkliemanngu@java.com,23/03/2000,06/08/2000,Physical Therapy Assistant,z7MhfjU8
Helga,Bloss,hblossgv@delicious.com,10/06/2000,19/08/2000,Desktop Support Technician,yI8NS0
Ariela,McCreary,amccrearygw@goodreads.com,28/09/2000,07/11/2000,GIS Technical Architect,RJVJwZuXL2b3
Nichol,Saylor,nsaylorgx@noaa.gov,18/01/2000,27/01/2000,Social Worker,9WMmcqc0U
Ursulina,Hopfer,uhopfergy@jalbum.net,20/08/2000,09/03/2000,Electrical Engineer,Cco4SXD
Marjorie,Percy,mpercygz@spotify.com,17/11/2000,15/01/2000,Engineer IV,6hpDFixTXMo
Carolynn,Timperley,ctimperleyh0@infoseek.co.jp,07/09/2000,08/02/2000,Assistant Manager,Zebsa3
Haslett,Champneys,hchampneysh1@pinterest.com,23/01/2000,09/05/2000,Occupational Therapist,BPIqnE7xS
Coletta,Angrock,cangrockh2@xinhuanet.com,21/06/2000,18/04/2000,Structural Analysis Engineer,nik2FwLmI1
Doralynne,Moscone,dmosconeh3@meetup.com,28/10/2000,18/08/2000,Financial Advisor,fODu2TkpHPDm
Augustine,Hasluck,ahasluckh4@cbc.ca,01/09/2000,20/06/2000,Help Desk Operator,egfnE42Nd
Daryl,Gladden,dgladdenh5@weibo.com,09/11/2000,13/09/2000,Web Designer II,Uaud06bx6
Isador,Knoton,iknotonh6@a8.net,09/10/2000,07/11/2000,Desktop Support Technician,p8OnDfCLHZK
Courtenay,Scrannage,cscrannageh7@twitter.com,27/09/2000,19/07/2000,Technical Writer,jmJT2Pe6L
Wash,Suttell,wsuttellh8@uiuc.edu,05/05/2000,08/12/2000,Quality Control Specialist,n7vXlMo
Ardeen,Cotte,acotteh9@unesco.org,16/08/2000,26/11/2000,Senior Editor,oesK07d
Ansley,Wasmuth,awasmuthha@meetup.com,26/08/2000,24/06/2000,Cost Accountant,3gyNm80
Sibylle,Wragge,swraggehb@umich.edu,13/02/2000,27/11/2000,Physical Therapy Assistant,unarse
Rhonda,Wix,rwixhc@hatena.ne.jp,09/05/2000,27/01/2000,Product Engineer,yAU5y3g1BCH6
Luigi,Brew,lbrewhd@smugmug.com,06/04/2000,17/12/2000,Teacher,96nwQTfAuY3A
Otes,Splevin,osplevinhe@tiny.cc,24/10/2000,27/12/2000,Electrical Engineer,4J04RNQ4J2Xw
Danette,Gallety,dgalletyhf@vistaprint.com,29/10/2000,21/11/2000,Business Systems Development Analyst,aK4aTCD
Ardeen,Curcher,acurcherhg@sohu.com,27/05/2000,27/04/2000,Senior Quality Engineer,H7vYPz
Agnola,Bellon,abellonhh@sakura.ne.jp,16/03/2000,08/07/2000,Editor,ClWMFXQRpi
Karil,Ciccottini,kciccottinihi@youtube.com,29/11/2000,07/09/2000,Nurse,1LgNdyzR6
Rosalyn,Pluthero,rplutherohj@examiner.com,27/02/2000,13/11/2000,Financial Advisor,ATWhHl38Pf
Tessy,Kline,tklinehk@washington.edu,24/07/2000,03/04/2000,Senior Sales Associate,WSK9PMB
Pegeen,Bamford,pbamfordhl@domainmarket.com,11/08/2000,19/05/2000,Electrical Engineer,1h4w1DAL3c
Porter,O' Byrne,pobyrnehm@amazon.com,07/05/2000,04/09/2000,Assistant Manager,TjCLDBc
Tybi,Kaliszewski,tkaliszewskihn@odnoklassniki.ru,20/06/2000,26/03/2000,Assistant Manager,I9Tj8twFx
Elihu,Vallance,evallanceho@canalblog.com,30/04/2000,06/05/2000,Statistician IV,ekUpjMmok
Diane,Hamper,dhamperhp@sitemeter.com,21/11/2000,14/01/2000,Editor,OXRkA8
Skip,Norton,snortonhq@google.co.uk,03/06/2000,12/06/2000,VP Sales,kCEDvdhJuC
Darryl,Harden,dhardenhr@tiny.cc,20/05/2000,15/04/2000,Internal Auditor,0bLD8HTfn
Leonore,Studdeard,lstuddeardhs@tinypic.com,11/11/2000,26/07/2000,VP Marketing,wJW0Rtx8ZKKB
North,Cafferty,ncaffertyht@opera.com,09/12/2000,21/10/2000,Accounting Assistant II,bdlSdym
Ysabel,Posvner,yposvnerhu@techcrunch.com,08/10/2000,14/12/2000,Engineer I,3B2buyNjf
Gigi,Belliard,gbelliardhv@tumblr.com,12/06/2000,23/07/2000,Internal Auditor,UjTjKA
Christalle,Bradberry,cbradberryhw@cbslocal.com,20/11/2000,08/06/2000,Registered Nurse,O1125Joa7
Jan,Rooke,jrookehx@ft.com,16/08/2000,29/02/2000,Sales Associate,BBiOwXJO
Levey,Hizir,lhizirhy@adobe.com,20/10/2000,22/11/2000,Senior Editor,vyKCJ1XB13k
Jaimie,Pendre,jpendrehz@e-recht24.de,21/05/2000,20/02/2000,Internal Auditor,6yaTaLR
Dean,Fenck,dfencki0@about.me,01/09/2000,06/04/2000,Office Assistant III,4IUpxKMpPkw3
Drusi,Obee,dobeei1@taobao.com,09/12/2000,14/11/2000,Analyst Programmer,mCN7pfw4
Dana,Kinnane,dkinnanei2@istockphoto.com,25/12/2000,27/03/2000,Compensation Analyst,ufwc2rN
Donielle,Mander,dmanderi3@altervista.org,02/12/2000,10/01/2000,Librarian,4lDTRb6O4
Sibylle,Bensen,sbenseni4@godaddy.com,10/08/2000,10/06/2000,Senior Cost Accountant,jb52tHcaWMgr
Ailbert,Gurry,agurryi5@slate.com,03/06/2000,24/05/2000,Executive Secretary,Y59lYfeu1o
Jereme,Cano,jcanoi6@sogou.com,03/09/2000,02/07/2000,Senior Cost Accountant,4xMC2E
Joellen,Lafay,jlafayi7@furl.net,09/09/2000,09/09/2000,Director of Sales,niQS8fXf5
Amabelle,Von Oertzen,avonoertzeni8@scribd.com,26/04/2000,08/03/2000,Automation Specialist IV,8OfNTxo
Leonard,Brimblecombe,lbrimblecombei9@simplemachines.org,20/06/2000,19/07/2000,Administrative Assistant IV,sujKdPBB
Eloise,Fullager,efullageria@amazonaws.com,04/11/2000,21/04/2000,Associate Professor,6cpVAW9Niy6
Gran,Warrillow,gwarrillowib@so-net.ne.jp,12/08/2000,27/01/2000,Assistant Professor,w3THvojDda
Christean,Dumblton,cdumbltonic@pinterest.com,27/10/2000,27/11/2000,Accounting Assistant III,kEzn9ca
Helga,Doldon,hdoldonid@hibu.com,07/08/2000,01/02/2000,Safety Technician I,E196l4zrW
Federica,Edghinn,fedghinnie@skyrock.com,28/06/2000,01/11/2000,Environmental Tech,DDGKp0
Ertha,Caldairou,ecaldairouif@google.it,21/09/2000,13/05/2000,Assistant Media Planner,d3PK2MtZXM
Godart,Waryk,gwarykig@com.com,20/07/2000,13/07/2000,Health Coach III,ahlQdk
Panchito,Longfut,plongfutih@tamu.edu,09/07/2000,10/08/2000,General Manager,WzSYn6Qg1A
Burr,Brito,bbritoii@alibaba.com,11/06/2000,09/01/2000,Actuary,yI1DEM45
Terrence,Sweetlove,tsweetloveij@google.nl,02/08/2000,13/11/2000,Help Desk Operator,1wIdP1S7AUs
Elspeth,McParlin,emcparlinik@reference.com,18/06/2000,26/06/2000,Media Manager II,SDqrsNH1s
Ardella,Cooch,acoochil@themeforest.net,21/12/2000,18/02/2000,Recruiter,0U1JnVUb
Mala,Deedes,mdeedesim@woothemes.com,30/04/2000,29/08/2000,Programmer Analyst I,oaAg76OL1JKd
Hinda,Duplan,hduplanin@tiny.cc,18/07/2000,12/07/2000,Marketing Manager,cw5kGmQ
Bert,Wansbury,bwansburyio@networksolutions.com,17/04/2000,12/02/2000,Financial Analyst,S39QnfGs
Bev,Carverhill,bcarverhillip@nydailynews.com,08/12/2000,23/02/2000,Financial Advisor,BaYc3gZ
Kalina,Hofton,khoftoniq@com.com,23/07/2000,09/12/2000,Senior Sales Associate,F3RXbAPKE
Tore,Graber,tgraberir@latimes.com,03/09/2000,25/11/2000,Quality Engineer,doE85B
Gun,Yoskowitz,gyoskowitzis@ucsd.edu,11/03/2000,21/11/2000,Quality Engineer,kLJWtHcz4n
Sadye,Silverlock,ssilverlockit@wunderground.com,12/12/2000,03/11/2000,Marketing Manager,HQhtVw
Kristen,Polson,kpolsoniu@amazon.co.uk,20/10/2000,23/08/2000,Account Coordinator,Nf69lIvpmq
William,Kleinert,wkleinertiv@yahoo.co.jp,13/10/2000,25/03/2000,Accountant III,Fhg64kx
Conan,Colthurst,ccolthurstiw@odnoklassniki.ru,16/11/2000,01/01/2000,Project Manager,3LiF0JUHr8
Bartel,Milington,bmilingtonix@myspace.com,07/04/2000,07/05/2000,Web Developer III,kpo3muGMR2
Alexa,Pendrick,apendrickiy@mysql.com,09/01/2000,09/01/2000,Account Coordinator,rPwb96Yma
Doll,Sorro,dsorroiz@huffingtonpost.com,16/06/2000,17/12/2000,Analog Circuit Design manager,Y7fINqTXB
Shepperd,Eburne,seburnej0@homestead.com,15/10/2000,05/03/2000,Speech Pathologist,bdCj9fp
Brucie,Ogglebie,bogglebiej1@opensource.org,19/01/2000,14/06/2000,Analyst Programmer,nWdWdLZE
Angele,Torel,atorelj2@github.io,22/04/2000,12/11/2000,Developer II,0n61NhXU
Suellen,Horsfield,shorsfieldj3@geocities.jp,17/05/2000,02/04/2000,Staff Accountant III,gBUhTi
Mariette,Aish,maishj4@arizona.edu,05/10/2000,24/07/2000,Senior Financial Analyst,TijlLK
Virgie,Bohin,vbohinj5@arizona.edu,20/06/2000,17/08/2000,VP Sales,Uku5CZ
Pearline,Baudin,pbaudinj6@msu.edu,30/07/2000,13/05/2000,Research Nurse,r8PcD5
Jacquette,Muff,jmuffj7@yellowpages.com,14/02/2000,05/09/2000,Statistician IV,3ifmNg
Rickard,Imlach,rimlachj8@twitpic.com,15/11/2000,28/08/2000,Administrative Assistant II,78mQQ8KE
Diana,Brundill,dbrundillj9@state.tx.us,28/09/2000,23/10/2000,Geological Engineer,WcR574
Carney,Hastings,chastingsja@businesswire.com,25/04/2000,24/11/2000,Automation Specialist III,2zVuME
Roley,Hedon,rhedonjb@latimes.com,09/01/2000,17/12/2000,Structural Engineer,UrAZ9HJ
Terri-jo,Sculley,tsculleyjc@upenn.edu,06/11/2000,07/01/2000,Internal Auditor,o68VL5Lt
Artemas,Cheek,acheekjd@who.int,05/08/2000,29/02/2000,Clinical Specialist,hSvvPz
Arabela,Tunstall,atunstallje@princeton.edu,23/07/2000,23/02/2000,Electrical Engineer,tOYIK1dTOJEe
Sonya,Denisot,sdenisotjf@plala.or.jp,10/06/2000,17/04/2000,Budget/Accounting Analyst III,BlQRjt
Trix,Willingham,twillinghamjg@creativecommons.org,19/09/2000,09/01/2000,Community Outreach Specialist,5ZohwM160U
Finley,Blazej,fblazejjh@arizona.edu,24/07/2000,27/07/2000,Recruiter,2MSPfda
Thedric,Prahm,tprahmji@51.la,26/09/2000,02/11/2000,Paralegal,exRKfbXmrCM
Sheree,Spoor,sspoorjj@npr.org,26/02/2000,14/04/2000,Nurse Practicioner,X3K69yP
Lauralee,Camamill,lcamamilljk@merriam-webster.com,11/08/2000,07/09/2000,Chief Design Engineer,nHYsBL
Johnnie,Gipp,jgippjl@cbc.ca,17/12/2000,27/03/2000,Research Associate,IzyKUZxM
Dore,Gettone,dgettonejm@xinhuanet.com,04/11/2000,05/09/2000,Database Administrator II,VN1qlY2jWpYu
Hugh,Westfield,hwestfieldjn@weibo.com,15/05/2000,30/12/2000,Executive Secretary,xnQrgmS
Gael,Gres,ggresjo@trellian.com,19/07/2000,10/04/2000,Staff Accountant IV,TuuFrQrOCWG6
Carry,Maddock,cmaddockjp@fema.gov,02/04/2000,25/02/2000,Research Nurse,D0QuNOYIHAk
Jarid,Heijnen,jheijnenjq@fotki.com,26/11/2000,03/09/2000,Business Systems Development Analyst,ZWVm0IF3bL
Trenna,Chiswell,tchiswelljr@oracle.com,18/11/2000,05/10/2000,Software Engineer IV,5j3jSTlUHwIV
Trenton,Kordas,tkordasjs@omniture.com,18/03/2000,13/06/2000,Speech Pathologist,kOuiXITO7sBs
Berton,Tison,btisonjt@wix.com,26/06/2000,30/12/2000,Structural Engineer,9B9QRA
Spike,Sheerin,ssheerinju@topsy.com,31/03/2000,05/11/2000,Database Administrator II,ZBOILgjLMnN
Cristy,De Giorgis,cdegiorgisjv@netvibes.com,16/08/2000,08/06/2000,Account Representative I,WBZVOvhCPq8Q
Bari,Eyeington,beyeingtonjw@istockphoto.com,22/02/2000,30/12/2000,Senior Editor,PLKytTWK
Tonia,Kime,tkimejx@springer.com,10/08/2000,30/03/2000,Geologist IV,L0kw4ufj4
Opal,Curzon,ocurzonjy@4shared.com,07/11/2000,08/08/2000,Help Desk Operator,EdtN03FhPK
Aloysia,Mountfort,amountfortjz@yahoo.com,05/02/2000,11/05/2000,Programmer III,4wT7jMSjx
Lanette,Sturdey,lsturdeyk0@google.com.au,30/08/2000,25/08/2000,Internal Auditor,0AP1AWD2tFv0
Shandee,Scirman,sscirmank1@imageshack.us,07/01/2000,02/04/2000,Nuclear Power Engineer,EID2B1hD
Federico,Dods,fdodsk2@cyberchimps.com,26/07/2000,03/11/2000,Computer Systems Analyst IV,Lr24ydagfxX
Estelle,Amesbury,eamesburyk3@ihg.com,27/01/2000,30/01/2000,Cost Accountant,5Ne7t7
Blake,Duckels,bduckelsk4@parallels.com,03/07/2000,09/06/2000,Operator,aHjHmLEiy
Vanya,Sivess,vsivessk5@msn.com,03/08/2000,03/02/2000,Director of Sales,iRATL2PuSmxi
Marika,McQuarter,mmcquarterk6@examiner.com,15/06/2000,13/08/2000,VP Product Management,rW9p4cunk
Loni,Romei,lromeik7@cnet.com,15/10/2000,17/01/2000,Senior Developer,Y93B3cQ5Qg
Elke,Clausen,eclausenk8@youtu.be,02/02/2000,29/03/2000,Database Administrator I,EO4Zz1
Benni,Alty,baltyk9@ovh.net,08/12/2000,21/06/2000,Geological Engineer,T5Gbl9YfRW
Johnath,Welsh,jwelshka@cnet.com,04/12/2000,02/07/2000,Project Manager,yzlbZBpdQrt
Toma,Baudacci,tbaudaccikb@naver.com,27/01/2000,06/02/2000,Sales Representative,BNuwXpt
Yovonnda,Duffin,yduffinkc@yahoo.co.jp,15/10/2000,09/02/2000,Senior Developer,h4xzv3fE0LZc
Ibby,Lancashire,ilancashirekd@xinhuanet.com,28/08/2000,02/10/2000,Marketing Manager,ZghSloCeqC
Lynn,Lorenzetto,llorenzettoke@pbs.org,21/11/2000,22/12/2000,Quality Engineer,zThOYBD
Lorelei,Scrymgeour,lscrymgeourkf@smugmug.com,03/04/2000,29/12/2000,Food Chemist,75nZnyYDGt4
Sorcha,Woffinden,swoffindenkg@intel.com,19/04/2000,08/09/2000,Nurse,okdeT0LI1O
Verla,Sheehy,vsheehykh@cdc.gov,02/11/2000,15/06/2000,Office Assistant I,hu8GR9PjBWDY
Alexis,Alabone,aalaboneki@marketwatch.com,17/03/2000,09/10/2000,Human Resources Assistant II,UGMfSQY
Umberto,Olyfant,uolyfantkj@dropbox.com,12/02/2000,25/02/2000,Programmer III,XA7MxuMy
Doy,Mitchel,dmitchelkk@yahoo.co.jp,02/05/2000,04/09/2000,Librarian,gOgyqc4
Mahalia,Gomersal,mgomersalkl@google.pl,01/03/2000,05/09/2000,Structural Analysis Engineer,sTC6qExwuZG
Hurley,Milliken,hmillikenkm@usgs.gov,22/05/2000,19/12/2000,Geological Engineer,zBOvf8UTv
Falito,Kyle,fkylekn@naver.com,12/07/2000,01/06/2000,Mechanical Systems Engineer,JykhS40ew9S
Phillie,Rapper,prapperko@theglobeandmail.com,06/04/2000,07/01/2000,Senior Developer,UQ5zqyjrKyO
Georgie,Gorling,ggorlingkp@prlog.org,06/01/2000,04/07/2000,Web Developer III,OpSlSO2snf
Michaelina,Cardon,mcardonkq@aboutads.info,27/11/2000,08/06/2000,Accounting Assistant IV,hcucpb
Regine,Grevatt,rgrevattkr@51.la,28/06/2000,07/08/2000,Geologist I,jewmrdHZOvwI
Saxon,McCrann,smccrannks@godaddy.com,22/01/2000,17/01/2000,Product Engineer,sx5B6xj3gTH
Ginny,Yeskov,gyeskovkt@reverbnation.com,08/01/2000,28/06/2000,Internal Auditor,Y7jVVmiapotw
Daveta,Panther,dpantherku@hhs.gov,13/09/2000,10/05/2000,Programmer I,SXtni5mRSK
Romonda,O' Borne,robornekv@amazon.de,29/11/2000,16/05/2000,Accountant II,bFPss535bdF5
Cullan,Fuente,cfuentekw@artisteer.com,19/09/2000,08/01/2000,Automation Specialist IV,9Vdr4zCid8Ok
Karyn,Calafate,kcalafatekx@techcrunch.com,06/01/2000,14/05/2000,VP Quality Control,ozM6HSLXx
Dania,Heiden,dheidenky@twitter.com,23/04/2000,08/05/2000,Senior Financial Analyst,O4ZlUxiJUs6e
Leilah,Colton,lcoltonkz@cnn.com,05/08/2000,12/10/2000,Business Systems Development Analyst,GoMvKkfShB2
Burty,Mingay,bmingayl0@vimeo.com,14/09/2000,25/12/2000,Operator,6A1v5ZP
Broderick,Crolly,bcrollyl1@nbcnews.com,13/07/2000,23/03/2000,Business Systems Development Analyst,3TJb2jq
Tate,Grouen,tgrouenl2@webmd.com,27/11/2000,28/03/2000,Design Engineer,DeB5xCJXwVb
Edvard,Masser,emasserl3@github.com,07/01/2000,11/03/2000,Nuclear Power Engineer,HYqpy9FRD5f
Stephanie,Speares,sspearesl4@lycos.com,03/10/2000,16/03/2000,Human Resources Manager,DP835f
Fredric,Skelton,fskeltonl5@usatoday.com,18/01/2000,11/08/2000,Help Desk Technician,8aKnplv9Q
Bjorn,Antcliffe,bantcliffel6@facebook.com,10/06/2000,22/10/2000,Database Administrator IV,nTmZoDJ
Gusti,Gonnin,ggonninl7@webmd.com,17/05/2000,09/09/2000,Dental Hygienist,8tHVoiqrE
Angele,Rawlcliffe,arawlcliffel8@oaic.gov.au,21/04/2000,04/10/2000,Web Developer III,r7E2Y48E
Sheryl,Joice,sjoicel9@mtv.com,24/10/2000,25/03/2000,Automation Specialist II,6wGvuEjbUf
Euell,Petrovykh,epetrovykhla@google.ru,08/06/2000,26/01/2000,Geologist III,vaNVI2uia
Dorian,Christmas,dchristmaslb@miibeian.gov.cn,25/11/2000,23/11/2000,Human Resources Manager,l4RwFv
Doralia,Andreas,dandreaslc@biglobe.ne.jp,29/03/2000,06/01/2000,Nurse Practicioner,6U9AdND
Mildrid,Pagden,mpagdenld@hexun.com,19/03/2000,11/09/2000,Desktop Support Technician,28RtRXV
Rustin,Smooth,rsmoothle@odnoklassniki.ru,30/05/2000,17/06/2000,Recruiting Manager,YzwOgKtqSK
Shae,Pridgeon,spridgeonlf@zdnet.com,25/12/2000,20/12/2000,Software Engineer II,h7wogm
Johanna,Rays,jrayslg@rambler.ru,28/08/2000,19/01/2000,Librarian,Jdd3h9
Randene,Sumbler,rsumblerlh@dot.gov,08/11/2000,29/11/2000,Dental Hygienist,LWMhTIC0
Kippie,Olivey,koliveyli@hibu.com,10/05/2000,18/10/2000,Editor,OCdME3ljEbA
Wynn,Hanshawe,whanshawelj@whitehouse.gov,11/08/2000,15/02/2000,Nuclear Power Engineer,9T74vPXl1P
Geoffrey,Worwood,gworwoodlk@facebook.com,11/03/2000,16/09/2000,Financial Analyst,ZjsO9XD1y1D
Wendeline,Farres,wfarresll@cornell.edu,04/11/2000,03/05/2000,Senior Developer,It1YWN
Major,Charle,mcharlelm@webeden.co.uk,05/02/2000,10/09/2000,Mechanical Systems Engineer,UkNDg3
Rolf,Giveen,rgiveenln@google.de,01/05/2000,28/01/2000,Analyst Programmer,jznVvvvvl
Padraic,Howen,phowenlo@senate.gov,17/11/2000,01/12/2000,Paralegal,DcY4Imtdn
Gertie,Chipchase,gchipchaselp@patch.com,30/11/2000,25/02/2000,Marketing Manager,k5DsjI7P
Evangelin,Aldren,ealdrenlq@github.io,01/01/2000,09/06/2000,Civil Engineer,evYsB9jMh
Sibyl,Tocher,stocherlr@indiatimes.com,03/09/2000,17/12/2000,Clinical Specialist,OQWVffVO
Franky,Gabriely,fgabrielyls@foxnews.com,19/01/2000,11/11/2000,Recruiter,5PEsEZ4Ty
Jonathan,Woolam,jwoolamlt@imgur.com,30/08/2000,13/04/2000,Social Worker,N3oRtL7
Cullie,Giuroni,cgiuronilu@dell.com,12/09/2000,03/09/2000,Payment Adjustment Coordinator,FRggIqe
Elliot,Van Leeuwen,evanleeuwenlv@statcounter.com,13/01/2000,01/11/2000,Chief Design Engineer,DnTKmUnecC9n
Wald,MacPadene,wmacpadenelw@mapy.cz,31/01/2000,27/04/2000,Business Systems Development Analyst,QlN38sF3QRr
Yvon,Tookey,ytookeylx@fc2.com,24/10/2000,13/02/2000,Administrative Assistant II,H8j84cbeH
Ruperto,Devlin,rdevlinly@cloudflare.com,03/07/2000,05/07/2000,Director of Sales,VWqpjZL
Minnie,Voelker,mvoelkerlz@smugmug.com,07/10/2000,20/02/2000,Design Engineer,aFp3msw8r
Monique,Craxford,mcraxfordm0@networksolutions.com,24/07/2000,20/06/2000,VP Quality Control,lmxiT40oy
Livvyy,Oels,loelsm1@indiegogo.com,19/07/2000,30/07/2000,Senior Developer,sYv4jLIngeE
Leonard,Lamberto,llambertom2@phoca.cz,10/02/2000,30/09/2000,Mechanical Systems Engineer,RJ5rdE7RSVw
Olive,Loggie,ologgiem3@webnode.com,10/10/2000,16/01/2000,Programmer Analyst IV,xOTTTm41
Blayne,Gulliford,bgullifordm4@bing.com,02/09/2000,09/06/2000,Senior Sales Associate,dUIKvx
Cinderella,Elphick,celphickm5@yellowpages.com,12/02/2000,24/01/2000,Pharmacist,CMmErJJH8Pw
Merilyn,Barrowclough,mbarrowcloughm6@japanpost.jp,10/05/2000,13/02/2000,Staff Scientist,kle5BhRr
Naoma,Nunson,nnunsonm7@biblegateway.com,03/02/2000,10/12/2000,Research Assistant III,BaZ6HFw
Lina,Meldon,lmeldonm8@myspace.com,28/09/2000,11/10/2000,Accountant I,z6Zfba5l
Avram,Worviell,aworviellm9@phpbb.com,02/09/2000,20/12/2000,Financial Analyst,eh6KqNhjM
Leonanie,Grutchfield,lgrutchfieldma@typepad.com,22/10/2000,23/03/2000,Clinical Specialist,9H61AYy1QG9
Kalila,Thebeau,kthebeaumb@nydailynews.com,06/12/2000,19/12/2000,Paralegal,i5Ty2zCg9P5I
Nathanael,de'-Ancy Willis,ndeancywillismc@oakley.com,28/07/2000,19/03/2000,Clinical Specialist,a9Ffaqm0Gr1
Jillayne,Oglesbee,joglesbeemd@hubpages.com,10/07/2000,20/12/2000,Director of Sales,xNazl27K
Feliks,Sadgrove,fsadgroveme@howstuffworks.com,27/06/2000,19/02/2000,Database Administrator IV,OQLzZicI3kVW
Julian,Sollowaye,jsollowayemf@tamu.edu,15/03/2000,09/05/2000,Sales Associate,FEYh51T4
Eberhard,Alelsandrovich,ealelsandrovichmg@webnode.com,28/02/2000,22/10/2000,Staff Accountant I,4PZFHhVakE
Donn,Hiorn,dhiornmh@csmonitor.com,07/12/2000,17/11/2000,General Manager,lLYhxqp
Barnard,De Ambrosis,bdeambrosismi@sohu.com,07/10/2000,12/11/2000,Assistant Media Planner,7V3TRw51
Brantley,Lanon,blanonmj@timesonline.co.uk,02/11/2000,04/02/2000,Environmental Tech,f5u7jcjgl
Margarette,Curtis,mcurtismk@amazon.co.uk,01/12/2000,24/05/2000,Food Chemist,aVmFnG4Kp8e7
Ardis,Ohrtmann,aohrtmannml@usnews.com,22/02/2000,29/12/2000,Teacher,6Q7LhMIeZY
Sherwood,Harden,shardenmm@ovh.net,21/05/2000,02/07/2000,Structural Analysis Engineer,TLFKYP
Elisha,Sudell,esudellmn@ycombinator.com,22/11/2000,23/05/2000,Health Coach I,oKwmwDUMrbw
Edsel,Lemon,elemonmo@abc.net.au,19/09/2000,17/03/2000,Editor,DTBUFbWQCdG
Arty,Challiss,achallissmp@google.ru,04/02/2000,14/02/2000,Teacher,AsorfXbXsK
Gunilla,Semerad,gsemeradmq@prweb.com,25/11/2000,26/01/2000,Marketing Assistant,f5paifogfP96
Evey,Conrart,econrartmr@wisc.edu,21/10/2000,05/10/2000,Senior Developer,NsIbjEXK
Debera,Gillbanks,dgillbanksms@e-recht24.de,22/01/2000,18/04/2000,Accounting Assistant III,x2PiMsA
Carmella,Ogelbe,cogelbemt@theglobeandmail.com,04/11/2000,13/10/2000,Help Desk Technician,lLq5Bp38e
Harlin,Halleybone,hhalleybonemu@webs.com,09/09/2000,18/11/2000,Database Administrator III,lX70Qg
Georgeanne,Maynard,gmaynardmv@ycombinator.com,29/08/2000,22/05/2000,Senior Quality Engineer,e8unCMJg
Patrica,Carse,pcarsemw@bloomberg.com,26/01/2000,13/10/2000,Programmer Analyst I,9galYm7SL5rH
Ame,Nazareth,anazarethmx@hubpages.com,11/07/2000,01/08/2000,Safety Technician I,GZrMdR
Saudra,Beddon,sbeddonmy@ifeng.com,07/06/2000,23/11/2000,VP Marketing,lsSarn
Phaedra,Edmenson,pedmensonmz@google.co.uk,17/01/2000,22/12/2000,Senior Quality Engineer,ZQ2EKt41
Lauralee,Stidworthy,lstidworthyn0@blogspot.com,14/09/2000,26/07/2000,Cost Accountant,RDy7Pxs
Nicholle,McKeaveney,nmckeaveneyn1@weather.com,01/09/2000,22/12/2000,Administrative Officer,6OqU87yPv
Lucia,Barrett,lbarrettn2@livejournal.com,17/03/2000,01/10/2000,Help Desk Technician,c6zc53dzvX5
Nadia,De L'Isle,ndelislen3@epa.gov,30/09/2000,04/09/2000,VP Sales,ad3Ab794
Zorina,Fetherston,zfetherstonn4@trellian.com,01/04/2000,20/11/2000,Research Nurse,XzX3BStk
Zak,Phippen,zphippenn5@meetup.com,29/10/2000,19/01/2000,Staff Scientist,KmbntZF3nSn
Jedd,Hrinchenko,jhrinchenkon6@newyorker.com,26/03/2000,18/03/2000,Business Systems Development Analyst,EhooRe5E
Clarance,Chastang,cchastangn7@google.com,13/06/2000,08/09/2000,VP Accounting,nrRr1wTqkW
Irvine,Epsley,iepsleyn8@sina.com.cn,08/07/2000,15/03/2000,Quality Engineer,uyrM7jcN
Lilias,Batten,lbattenn9@oakley.com,15/12/2000,18/11/2000,Senior Financial Analyst,u3XATGlklR
Stirling,Abbay,sabbayna@weibo.com,10/04/2000,07/09/2000,Nuclear Power Engineer,eOSonW
Farah,Bradwell,fbradwellnb@instagram.com,26/01/2000,06/03/2000,Payment Adjustment Coordinator,NKXP75CR
Lennard,O'Reagan,loreagannc@pbs.org,28/11/2000,10/04/2000,Account Executive,4bd5iy
Sigismondo,Mabbett,smabbettnd@mapy.cz,12/01/2000,09/10/2000,Safety Technician I,iIHbQ7z
Blisse,Connechy,bconnechyne@google.ca,12/11/2000,22/02/2000,General Manager,Ghobcnghz
Tansy,Crimin,tcriminnf@elpais.com,10/05/2000,04/09/2000,Research Associate,BlFgxbKLDvg
Jose,Casillis,jcasillisng@china.com.cn,18/01/2000,16/01/2000,Automation Specialist II,Yyz3Wd9s
Brynna,Kierans,bkieransnh@google.nl,06/06/2000,28/06/2000,Financial Advisor,F4lImWz
Lelah,Purselow,lpurselowni@fema.gov,11/01/2000,19/06/2000,Computer Systems Analyst III,tEb6vBs
Marcellus,Thorlby,mthorlbynj@live.com,30/03/2000,08/01/2000,Geological Engineer,desxlm
Roger,Howsley,rhowsleynk@miitbeian.gov.cn,27/11/2000,24/07/2000,Computer Systems Analyst IV,VR9a5zqdkQOy
Eolande,Ambrogioni,eambrogioninl@gizmodo.com,11/02/2000,25/05/2000,Geologist III,6wY2Gh8tb6
Sasha,Defrain,sdefrainnm@about.com,06/07/2000,20/12/2000,Financial Analyst,ZL2uoxc
Louella,Jakubowski,ljakubowskinn@ow.ly,24/06/2000,19/11/2000,Administrative Assistant II,qh2Y5svsq
Tilda,Smitham,tsmithamno@liveinternet.ru,15/08/2000,28/05/2000,VP Marketing,SHEsv6W
Emmit,Bodham,ebodhamnp@fotki.com,10/07/2000,02/04/2000,Health Coach II,hhyV7vjVAE
Sofia,Steddall,ssteddallnq@baidu.com,03/06/2000,09/08/2000,Project Manager,8ln1DgPLhy2T
Starr,Kirkup,skirkupnr@php.net,01/04/2000,17/10/2000,GIS Technical Architect,cJ0LqjjLp
Jamie,Jakolevitch,jjakolevitchns@tripadvisor.com,09/03/2000,21/05/2000,Assistant Professor,Z6UVV7sKUkA
Bev,Pischel,bpischelnt@imageshack.us,24/03/2000,24/01/2000,Technical Writer,chmu5Rr0Gp
Ker,Sevior,kseviornu@sakura.ne.jp,28/01/2000,18/07/2000,Chemical Engineer,JYdOAwCQN
Fayth,Filipowicz,ffilipowicznv@reuters.com,11/08/2000,01/07/2000,Senior Developer,UmuDM9
Aubrey,Ralfe,aralfenw@google.de,08/10/2000,10/09/2000,Internal Auditor,wsc4V81UE
Lela,Martinon,lmartinonnx@addtoany.com,18/04/2000,02/05/2000,Software Test Engineer I,FG52QzG5LoDp
Anita,Naylor,anaylorny@over-blog.com,04/02/2000,24/06/2000,Registered Nurse,AtGPRkSw6S
Ricki,Charnick,rcharnicknz@uiuc.edu,29/11/2000,17/08/2000,Research Nurse,AIEqqImUpEbH
Jeanie,Lars,jlarso0@guardian.co.uk,29/08/2000,28/09/2000,Actuary,dZaHOc99S
Mead,Prydden,mpryddeno1@google.es,02/09/2000,30/11/2000,Structural Engineer,0ekjhNYHHWwj
Buckie,Vass,bvasso2@huffingtonpost.com,06/06/2000,23/09/2000,Professor,wiLn3XfPqU
Alonso,Solland,asollando3@vk.com,07/03/2000,11/11/2000,VP Quality Control,2WYm6lif7tLu
Lemar,Chirm,lchirmo4@bbb.org,10/03/2000,01/02/2000,Clinical Specialist,THqGOOzeZd
Reeva,Tailby,rtailbyo5@wikipedia.org,10/09/2000,15/04/2000,Librarian,dzghSgHhU
Cesya,Whitely,cwhitelyo6@163.com,21/12/2000,18/04/2000,Quality Engineer,Nia8Hlz7NTBA
Rowan,Stening,rsteningo7@wikispaces.com,13/02/2000,27/10/2000,Recruiter,Der1J0gFsGyG
Barb,Gayler,bgaylero8@tripadvisor.com,13/12/2000,04/09/2000,Senior Editor,6ineeny9u48
Dom,Woodfine,dwoodfineo9@yahoo.co.jp,26/04/2000,10/11/2000,GIS Technical Architect,lXkoC51
Iorgos,Hallihan,ihallihanoa@wired.com,08/08/2000,07/03/2000,Cost Accountant,4rPafKH2
Luci,Tenny,ltennyob@time.com,24/06/2000,18/11/2000,Assistant Media Planner,lX9YTRvlB
Bren,Lorait,bloraitoc@usnews.com,11/08/2000,02/07/2000,Statistician III,OlE6UUeB3S
Marielle,Jackways,mjackwaysod@clickbank.net,07/09/2000,24/07/2000,Technical Writer,V9rCV9CXj
Chad,Olenchenko,colenchenkooe@ustream.tv,10/01/2000,18/07/2000,Product Engineer,Xxdqhx
Rosalinde,Ebbett,rebbettof@sogou.com,01/04/2000,20/12/2000,Recruiter,wGSFKC
Maddalena,Durston,mdurstonog@foxnews.com,23/09/2000,07/09/2000,Senior Sales Associate,DrCeAs9
Noni,Litchfield,nlitchfieldoh@nytimes.com,15/01/2000,13/07/2000,Chief Design Engineer,q1YZBGRq
Flore,Dewen,fdewenoi@ebay.com,15/09/2000,19/07/2000,Project Manager,9SkO0ofVE
Rafferty,Spencelayh,rspencelayhoj@skype.com,15/11/2000,17/03/2000,Developer IV,JUO8cvNXHN
Tiphany,Cully,tcullyok@cbc.ca,22/02/2000,17/02/2000,Sales Associate,WK4C0LOZTJ
Gardner,Hunston,ghunstonol@mapquest.com,26/04/2000,29/09/2000,Software Consultant,84Jfhihf
Flor,Archbould,farchbouldom@cpanel.net,05/07/2000,04/05/2000,Speech Pathologist,TE6nWeEz0SN
Talbert,Smaleman,tsmalemanon@census.gov,11/04/2000,17/12/2000,Research Associate,kLIFVUZJL
Anthiathia,Alves,aalvesoo@businessinsider.com,15/06/2000,02/12/2000,Senior Financial Analyst,IhEpG2liyxdj
Emmie,Bastistini,ebastistiniop@flavors.me,25/10/2000,26/06/2000,Research Nurse,cKUrpXMa
Pernell,Neillans,pneillansoq@g.co,09/06/2000,27/01/2000,Senior Cost Accountant,BVZa9s
Lorne,Daugherty,ldaughertyor@so-net.ne.jp,26/08/2000,27/10/2000,Budget/Accounting Analyst I,ztlPI2E1uYTt
Greggory,Duignan,gduignanos@oaic.gov.au,24/01/2000,04/08/2000,Office Assistant II,iTQhhXNHban
Lesley,Rames,lramesot@chicagotribune.com,26/01/2000,16/03/2000,Associate Professor,EjiG1KMdT9w4
Nicola,Heyns,nheynsou@mediafire.com,18/10/2000,15/10/2000,Graphic Designer,7aPMwJpbUHPl
Giana,Ouldcott,gouldcottov@pagesperso-orange.fr,13/11/2000,26/04/2000,Nuclear Power Engineer,dz8Geu4RE
Rozanne,Hovard,rhovardow@goo.gl,05/06/2000,01/05/2000,Structural Engineer,I2uDz6T1TP4Q
Tiphanie,Gwin,tgwinox@uiuc.edu,16/02/2000,29/11/2000,Mechanical Systems Engineer,Xd3cjKzc8WmB
Boonie,Upstone,bupstoneoy@multiply.com,05/02/2000,11/10/2000,Registered Nurse,Mx3sBmk
Chrysa,Moscrop,cmoscropoz@harvard.edu,02/05/2000,27/12/2000,Assistant Media Planner,QywltZ
Mariel,Lazenbury,mlazenburyp0@google.nl,04/03/2000,15/11/2000,Assistant Manager,srsCm0rgEewT
Christy,Dray,cdrayp1@samsung.com,13/04/2000,19/01/2000,Associate Professor,7laTiZ4j
Artair,Scholtz,ascholtzp2@xinhuanet.com,06/12/2000,20/04/2000,VP Marketing,QLA5IIApDzBA
Averil,Riccardini,ariccardinip3@surveymonkey.com,19/11/2000,08/11/2000,Media Manager I,oBdVNC
Jenda,Lynds,jlyndsp4@elegantthemes.com,14/05/2000,31/08/2000,Operator,g4W521g
Atlante,Miskimmon,amiskimmonp5@devhub.com,25/05/2000,04/03/2000,Quality Engineer,EM6d1JHp
Hussein,Cirlos,hcirlosp6@skype.com,24/10/2000,14/01/2000,Product Engineer,Os671K9e
Ulberto,Blizard,ublizardp7@free.fr,13/11/2000,28/06/2000,Sales Representative,8RCqlkla3
Gearalt,Dixson,gdixsonp8@goo.ne.jp,13/09/2000,13/01/2000,Research Assistant III,UYUPBFh
Darrell,Vigne,dvignep9@discovery.com,14/11/2000,06/03/2000,VP Quality Control,jRv3aQZWgY
Astrid,Acome,aacomepa@miibeian.gov.cn,29/02/2000,11/04/2000,Nurse,58sIdf
Parsifal,Corey,pcoreypb@acquirethisname.com,16/11/2000,03/10/2000,Safety Technician I,5tgZMgiL412
Valera,Moisey,vmoiseypc@wired.com,11/02/2000,22/11/2000,Accounting Assistant IV,s6Sigivc
Frederigo,Steggles,fstegglespd@delicious.com,27/08/2000,16/03/2000,Help Desk Operator,vnCcUH8CTy5e
Carola,Ambrosini,cambrosinipe@cyberchimps.com,26/07/2000,26/02/2000,Sales Representative,VTB35GSs
Sibyl,McNalley,smcnalleypf@seesaa.net,10/04/2000,09/11/2000,Product Engineer,3gI0lFQp
Rikki,McCobb,rmccobbpg@de.vu,26/05/2000,13/02/2000,Budget/Accounting Analyst I,Gu6cjJS
Eduino,Colliford,ecollifordph@home.pl,27/02/2000,12/08/2000,GIS Technical Architect,4Waomez
Donnajean,Halleday,dhalledaypi@wufoo.com,01/08/2000,25/03/2000,Computer Systems Analyst IV,5FH63lWb
Tabbitha,Brendeke,tbrendekepj@devhub.com,09/08/2000,11/08/2000,Staff Scientist,or8RVazlSu
Blondy,Brydell,bbrydellpk@e-recht24.de,01/10/2000,30/11/2000,Engineer II,mjYvpvc
Brynn,Bracknall,bbracknallpl@google.de,11/12/2000,18/02/2000,Nurse Practicioner,3DWobesyFJ8
Esdras,Farrier,efarrierpm@about.com,22/02/2000,18/07/2000,Senior Editor,SPJu1l
Ibby,Girkin,igirkinpn@hp.com,21/08/2000,05/01/2000,Accountant II,ZkZgB5w
Edmon,Lasty,elastypo@thetimes.co.uk,16/01/2000,24/08/2000,VP Accounting,BH88hzN5XSe
Ansell,Luxon,aluxonpp@wisc.edu,16/05/2000,10/05/2000,Paralegal,SNisUudW
Candice,Picardo,cpicardopq@skype.com,30/06/2000,29/08/2000,GIS Technical Architect,meS5mBF
Emelyne,Dimblebee,edimblebeepr@typepad.com,09/10/2000,02/06/2000,Compensation Analyst,tlH0zLZTs21e
Kahaleel,Hair,khairps@tuttocitta.it,08/03/2000,18/06/2000,Operator,YfdUwgzSyzag
Ame,Strood,astroodpt@hp.com,13/01/2000,14/04/2000,Account Representative I,t13OsX1e7
Susi,Tatershall,statershallpu@sbwire.com,13/03/2000,11/08/2000,Programmer I,XKAb4x4j8xB2
Jehu,de Vaen,jdevaenpv@networkadvertising.org,24/08/2000,23/05/2000,Assistant Media Planner,zwNGdWKf5yG
Parsifal,Lammas,plammaspw@ted.com,21/02/2000,22/03/2000,Clinical Specialist,XZORftj2pyxN
Rollo,Spurr,rspurrpx@theatlantic.com,21/08/2000,07/11/2000,Editor,g2Cqi3
Minda,Rantoul,mrantoulpy@marketwatch.com,09/01/2000,18/01/2000,Budget/Accounting Analyst III,dmp1Ox34iG
Montgomery,Snewin,msnewinpz@a8.net,03/04/2000,15/10/2000,Mechanical Systems Engineer,6uFDpFmIgphs
Clemens,Hamblin,chamblinq0@ovh.net,19/09/2000,23/07/2000,Research Nurse,uqtphf
Isidora,Stidworthy,istidworthyq1@privacy.gov.au,01/08/2000,10/07/2000,Cost Accountant,UL7KZBI
Mayor,Meneer,mmeneerq2@gizmodo.com,29/08/2000,28/09/2000,Paralegal,iAkvTuNfch9
Lewiss,Northbridge,lnorthbridgeq3@theatlantic.com,18/02/2000,15/02/2000,Research Assistant I,LOX9FF
Tansy,Sangar,tsangarq4@t-online.de,04/03/2000,29/09/2000,Legal Assistant,zwRBulkk
Dougy,McPheat,dmcpheatq5@imageshack.us,16/03/2000,20/09/2000,Media Manager IV,Gzz1bnmUAUN
Henrie,Stockhill,hstockhillq6@hp.com,06/04/2000,12/06/2000,Media Manager IV,onuzGFsb
Cliff,Costain,ccostainq7@jigsy.com,25/12/2000,11/07/2000,Staff Accountant I,QUTEpz
Benn,Houlston,bhoulstonq8@mac.com,22/12/2000,01/05/2000,Project Manager,rJ9xKob6hkx
Ajay,Kwiek,akwiekq9@twitter.com,08/07/2000,28/02/2000,Staff Scientist,4ghuxhkiO5
Marjory,Moorman,mmoormanqa@last.fm,17/12/2000,10/02/2000,Research Associate,QXNFTWPqSTT
Chiquia,Pettecrew,cpettecrewqb@oracle.com,28/02/2000,21/01/2000,Pharmacist,UtsxWNiLFr
Timothee,Albers,talbersqc@aol.com,18/03/2000,24/10/2000,Senior Financial Analyst,Mt9MfIQvNkcw
Meryl,Skerm,mskermqd@over-blog.com,19/07/2000,23/03/2000,Product Engineer,kiXbd9Cc
Derwin,Hearsey,dhearseyqe@discovery.com,22/12/2000,05/08/2000,VP Quality Control,p3tGYdG0XT91
Evin,Brazil,ebrazilqf@flavors.me,05/06/2000,19/04/2000,Technical Writer,8GP7mimwXmdO
Darla,Gummer,dgummerqg@vistaprint.com,11/11/2000,11/11/2000,Librarian,fsSHk43v
Karalee,Pritchard,kpritchardqh@howstuffworks.com,15/03/2000,01/06/2000,Safety Technician II,Kx5Ck2bBR
Adair,Rudloff,arudloffqi@wufoo.com,03/10/2000,03/09/2000,Sales Representative,BDYMzOk3V
Giffie,Crauford,gcraufordqj@salon.com,05/07/2000,17/09/2000,Clinical Specialist,pxAjs2rXeeY
Norah,Lytlle,nlytlleqk@noaa.gov,16/05/2000,19/10/2000,VP Accounting,SBM0hDd3FY
Petr,Cook,pcookql@geocities.com,02/04/2000,22/12/2000,Programmer I,IKIp7sBjFqCm
Frants,Lepper,flepperqm@dion.ne.jp,10/04/2000,22/09/2000,Librarian,kk5jQWPl2uw
Jacquette,Brimicombe,jbrimicombeqn@tinyurl.com,29/10/2000,08/08/2000,Technical Writer,Ks5qeWutU79
Walsh,Schwand,wschwandqo@tinyurl.com,13/09/2000,10/09/2000,Assistant Media Planner,cj1L4acyz0
Saw,Turmall,sturmallqp@mozilla.com,31/05/2000,30/06/2000,Project Manager,tOxB7Y6Jrk4
Kelcie,Verry,kverryqq@example.com,21/07/2000,05/09/2000,Health Coach I,MEw6EuilhJ55
Rycca,Lowell,rlowellqr@sfgate.com,18/05/2000,08/08/2000,Research Nurse,CAhRs9
Jodie,Richten,jrichtenqs@sitemeter.com,20/07/2000,13/08/2000,Pharmacist,6L7faAJa
Margaretha,Klempke,mklempkeqt@dailymail.co.uk,25/02/2000,24/05/2000,Junior Executive,DldHdxX
Redd,MacNaughton,rmacnaughtonqu@patch.com,18/02/2000,26/08/2000,VP Accounting,QUIKyd0aQF0
Jimmy,Jurisic,jjurisicqv@engadget.com,13/06/2000,07/06/2000,Desktop Support Technician,dT2UoCuB
Leontyne,Marians,lmariansqw@google.co.jp,19/03/2000,05/10/2000,Structural Engineer,azyw6K
Elissa,Kleynermans,ekleynermansqx@yahoo.com,26/02/2000,30/09/2000,Statistician I,hDUHyU
Idalina,Senecaux,isenecauxqy@gizmodo.com,11/06/2000,09/03/2000,VP Marketing,c0rbgxE3H
Ashely,Baskeyfield,abaskeyfieldqz@stanford.edu,09/11/2000,13/11/2000,Clinical Specialist,0KGMpLkbVe
Frederic,Stiller,fstillerr0@washingtonpost.com,30/04/2000,04/01/2000,Registered Nurse,1S6lb4c7
Fionna,Mattioni,fmattionir1@mysql.com,02/10/2000,01/04/2000,Design Engineer,smxmBvXJpXK
Brana,Huckett,bhuckettr2@desdev.cn,27/05/2000,05/04/2000,General Manager,c3tWGLQZ
Ev,Micka,emickar3@berkeley.edu,11/10/2000,17/07/2000,Senior Sales Associate,lU32an8x
Judith,Kevlin,jkevlinr4@slideshare.net,20/09/2000,16/03/2000,Media Manager II,ocgxFqBWerxv
Sigismund,Tonepohl,stonepohlr5@gmpg.org,06/08/2000,11/12/2000,Automation Specialist III,g2xiLgVJ
Arnoldo,Inwood,ainwoodr6@bluehost.com,01/05/2000,02/12/2000,Senior Cost Accountant,rKEhlGHB
Jewelle,Lightbourne,jlightbourner7@weather.com,01/07/2000,07/01/2000,Financial Advisor,Yag4lB8jT5
Melba,Rexworthy,mrexworthyr8@gmpg.org,30/09/2000,22/11/2000,Human Resources Manager,4wMOLTPKyjt
Isa,Bartolini,ibartolinir9@yale.edu,21/05/2000,25/07/2000,Civil Engineer,9ipb7OTVR2N
Annissa,Boundley,aboundleyra@reverbnation.com,25/03/2000,16/09/2000,Paralegal,XoHpyc
Gare,Dommerque,gdommerquerb@mozilla.org,16/04/2000,04/02/2000,Senior Quality Engineer,rpjzmK8W
Emlyn,Driver,edriverrc@indiatimes.com,16/11/2000,08/08/2000,Graphic Designer,FgBejL
Kandy,Rusk,kruskrd@parallels.com,24/12/2000,17/03/2000,Technical Writer,BXrCTV
Carey,Honisch,chonischre@addtoany.com,16/08/2000,22/03/2000,Paralegal,ubNU6UNvq
Town,Leinweber,tleinweberrf@hubpages.com,03/02/2000,09/11/2000,Design Engineer,lfGtisQMrDw
Sherline,Kabos,skabosrg@qq.com,17/09/2000,02/05/2000,Physical Therapy Assistant,nVVcJwO
Tyrone,Tabour,ttabourrh@moonfruit.com,27/12/2000,08/12/2000,Marketing Manager,NQ1npr
Ritchie,Bracci,rbracciri@reference.com,27/01/2000,08/08/2000,Health Coach III,RGk8Ze8t
Perren,Barcroft,pbarcroftrj@archive.org,26/07/2000,07/01/2000,Safety Technician II,5q7qVjVk
Karoline,Ogers,kogersrk@uiuc.edu,28/11/2000,03/02/2000,Civil Engineer,St2e8VA0X
Goldina,Georgot,ggeorgotrl@bravesites.com,15/04/2000,26/10/2000,Health Coach I,2WQENABEVGX
Nicol,Fairney,nfairneyrm@biblegateway.com,27/09/2000,27/12/2000,VP Marketing,64bhEymgFGiw
Xenos,Ruskin,xruskinrn@twitpic.com,10/08/2000,28/08/2000,Human Resources Assistant II,kQg3z0ED
Lindy,Clell,lclellro@wikipedia.org,28/03/2000,31/10/2000,Nurse Practicioner,aJj94vp3AgjZ
Birgit,Payton,bpaytonrp@bandcamp.com,04/08/2000,06/10/2000,Project Manager,b99OzX1Cl
Esta,Ancliffe,eanclifferq@nifty.com,03/02/2000,28/09/2000,Dental Hygienist,E37yP72
Felita,Simms,fsimmsrr@addtoany.com,24/02/2000,31/05/2000,Paralegal,41AqRiER3Va
